id,course_id,lecturer_ids,student_ids
TI1-A,TI1,"Prof. Holly Norton,Prof. Patrick Vargas","M1,M2,M3,M4,M5,M6,M7,M8,M9,M10,M11,M12,M13,M14,M15,M16"
TI2-A,TI2,"Dr. Laura Jones,Prof. Diana Barton","M49,M50,M51,M52,M53,M54,M55,M56,M57,M58,M59,M60,M61,M62,M63,M64"
TI3-A,TI3,"Dr. Kyle Vega,Dr. Penny King","M97,M98,M99,M100,M101,M102,M103,M104,M105,M106,M107,M108,M109,M110,M111,M112"
TI4-A,TI4,"Dr. Nora Miller,Dr. Alice Lee","M145,M146,M147,M148,M149,M150,M151,M152,M153,M154,M155,M156,M157,M158,M159,M160"
TI5-A,TI5,"Prof. Holly Norton,Prof. Patrick Vargas","M193,M194,M195,M196,M197,M198,M199,M200,M201,M202,M203,M204,M205,M206,M207,M208"
TI6-A,TI6,"Dr. Laura Jones,Prof. Diana Barton","M241,M242,M243,M244,M245,M246,M247,M248,M249,M250,M251,M252,M253,M254,M255,M256,M1249,M1250,M1251,M1252,M1253,M1254,M1255,M1256,M1257,M1258,M1259,M1260,M1261,M1262,M1263,M1264"
TI7-A,TI7,"Dr. Kyle Vega,Dr. Penny King","M1,M2,M3,M4,M5,M6,M7,M8,M9,M10,M11,M12,M13,M14,M15,M16"
TI8-A,TI8,"Dr. Nora Miller,Dr. Alice Lee","M49,M50,M51,M52,M53,M54,M55,M56,M57,M58,M59,M60,M61,M62,M63,M64"
TI9-A,TI9,"Prof. Holly Norton,Prof. Patrick Vargas","M97,M98,M99,M100,M101,M102,M103,M104,M105,M106,M107,M108,M109,M110,M111,M112"
TI10-A,TI10,"Dr. Laura Jones,Prof. Diana Barton","M145,M146,M147,M148,M149,M150,M151,M152,M153,M154,M155,M156,M157,M158,M159,M160,M2111,M2112,M2113,M2114,M2115,M2116,M2117,M2118,M2119,M2120,M2121,M2122,M2123,M2124,M2125,M2126"
TI11-A,TI11,"Dr. Kyle Vega,Dr. Penny King","M193,M194,M195,M196,M197,M198,M199,M200,M201,M202,M203,M204,M205,M206,M207,M208"
TI12-A,TI12,"Dr. Nora Miller,Dr. Alice Lee","M241,M242,M243,M244,M245,M246,M247,M248,M249,M250,M251,M252,M253,M254,M255,M256"
SI1-A,SI1,"Dr. Gina Newman,Prof. Olivia Ibarra","M289,M290,M291,M292,M293,M294,M295,M296,M297,M298,M299,M300,M301,M302,M303,M304"
SI2-A,SI2,"Dr. Wendy Spencer,Dr. Leo Ellis","M337,M338,M339,M340,M341,M342,M343,M344,M345,M346,M347,M348,M349,M350,M351,M352"
SI3-A,SI3,"Dr. Bella Quigley,Dr. Natalie Reyes","M385,M386,M387,M388,M389,M390,M391,M392,M393,M394,M395,M396,M397,M398,M399,M400"
SI4-A,SI4,"Dr. Sam Scott,Dr. Julia Faulkner","M433,M434,M435,M436,M437,M438,M439,M440,M441,M442,M443,M444,M445,M446,M447,M448"
SI5-A,SI5,"Dr. Gina Newman,Prof. Olivia Ibarra","M481,M482,M483,M484,M485,M486,M487,M488,M489,M490,M491,M492,M493,M494,M495,M496"
SI6-A,SI6,"Dr. Wendy Spencer,Dr. Leo Ellis","M529,M530,M531,M532,M533,M534,M535,M536,M537,M538,M539,M540,M541,M542,M543,M544"
SI7-A,SI7,"Dr. Bella Quigley,Dr. Natalie Reyes","M289,M290,M291,M292,M293,M294,M295,M296,M297,M298,M299,M300,M301,M302,M303,M304"
SI8-A,SI8,"Dr. Sam Scott,Dr. Julia Faulkner","M337,M338,M339,M340,M341,M342,M343,M344,M345,M346,M347,M348,M349,M350,M351,M352"
SI9-A,SI9,"Dr. Gina Newman,Prof. Olivia Ibarra","M385,M386,M387,M388,M389,M390,M391,M392,M393,M394,M395,M396,M397,M398,M399,M400"
SI10-A,SI10,"Dr. Wendy Spencer,Dr. Leo Ellis","M433,M434,M435,M436,M437,M438,M439,M440,M441,M442,M443,M444,M445,M446,M447,M448"
SI11-A,SI11,"Dr. Bella Quigley,Dr. Natalie Reyes","M481,M482,M483,M484,M485,M486,M487,M488,M489,M490,M491,M492,M493,M494,M495,M496"
SI12-A,SI12,"Dr. Sam Scott,Dr. Julia Faulkner","M529,M530,M531,M532,M533,M534,M535,M536,M537,M538,M539,M540,M541,M542,M543,M544"
TK1-A,TK1,"Prof. Mason Yoder,Dr. Grace Kelly","M577,M578,M579,M580,M581,M582,M583,M584,M585,M586,M587,M588,M589,M590,M591,M592"
TK2-A,TK2,"Prof. Olivia Ellis,Dr. Ryan Adams","M625,M626,M627,M628,M629,M630,M631,M632,M633,M634,M635,M636,M637,M638,M639,M640,M2895,M2896,M2897,M2898,M2899,M2900,M2901,M2902,M2903,M2904,M2905,M2906,M2907,M2908,M2909,M2910"
TK3-A,TK3,"Dr. Lily Fisher,Dr. Tina Nelson","M673,M674,M675,M676,M677,M678,M679,M680,M681,M682,M683,M684,M685,M686,M687,M688"
TK4-A,TK4,"Prof. Victor Ellis,Dr. Charles Xu","M721,M722,M723,M724,M725,M726,M727,M728,M729,M730,M731,M732,M733,M734,M735,M736"
TK5-A,TK5,"Prof. Mason Yoder,Dr. Grace Kelly","M769,M770,M771,M772,M773,M774,M775,M776,M777,M778,M779,M780,M781,M782,M783,M784,M305,M306,M307,M308,M309,M310,M311,M312,M313,M314,M315,M316,M317,M318,M319,M320"
TK6-A,TK6,"Prof. Olivia Ellis,Dr. Ryan Adams","M817,M818,M819,M820,M821,M822,M823,M824,M825,M826,M827,M828,M829,M830,M831,M832"
TK7-A,TK7,"Dr. Lily Fisher,Dr. Tina Nelson","M577,M578,M579,M580,M581,M582,M583,M584,M585,M586,M587,M588,M589,M590,M591,M592"
TK8-A,TK8,"Prof. Victor Ellis,Dr. Charles Xu","M625,M626,M627,M628,M629,M630,M631,M632,M633,M634,M635,M636,M637,M638,M639,M640"
TK9-A,TK9,"Prof. Mason Yoder,Dr. Grace Kelly","M673,M674,M675,M676,M677,M678,M679,M680,M681,M682,M683,M684,M685,M686,M687,M688"
TK10-A,TK10,"Prof. Olivia Ellis,Dr. Ryan Adams","M721,M722,M723,M724,M725,M726,M727,M728,M729,M730,M731,M732,M733,M734,M735,M736"
TK11-A,TK11,"Dr. Lily Fisher,Dr. Tina Nelson","M769,M770,M771,M772,M773,M774,M775,M776,M777,M778,M779,M780,M781,M782,M783,M784"
TK12-A,TK12,"Prof. Victor Ellis,Dr. Charles Xu","M817,M818,M819,M820,M821,M822,M823,M824,M825,M826,M827,M828,M829,M830,M831,M832"
DS1-A,DS1,"Prof. Dorothy Doyle,Dr. Charles Chandler","M865,M866,M867,M868,M869,M870,M871,M872,M873,M874,M875,M876,M877,M878,M879,M880,M2063,M2064,M2065,M2066,M2067,M2068,M2069,M2070,M2071,M2072,M2073,M2074,M2075,M2076,M2077,M2078"
DS2-A,DS2,"Dr. Tyler Davis2,Dr. Natalie Powell","M913,M914,M915,M916,M917,M918,M919,M920,M921,M922,M923,M924,M925,M926,M927,M928"
DS3-A,DS3,"Dr. Diana Chandler,Prof. Sarah Xu","M961,M962,M963,M964,M965,M966,M967,M968,M969,M970,M971,M972,M973,M974,M975,M976"
DS4-A,DS4,"Dr. Zachary Vargas,Dr. Oscar Lee","M1009,M1010,M1011,M1012,M1013,M1014,M1015,M1016,M1017,M1018,M1019,M1020,M1021,M1022,M1023,M1024"
DS5-A,DS5,"Prof. Dorothy Doyle,Dr. Charles Chandler","M1057,M1058,M1059,M1060,M1061,M1062,M1063,M1064,M1065,M1066,M1067,M1068,M1069,M1070,M1071,M1072,M2415,M2416,M2417,M2418,M2419,M2420,M2421,M2422,M2423,M2424,M2425,M2426,M2427,M2428,M2429,M2430"
DS6-A,DS6,"Dr. Tyler Davis2,Dr. Natalie Powell","M1105,M1106,M1107,M1108,M1109,M1110,M1111,M1112,M1113,M1114,M1115,M1116,M1117,M1118,M1119,M1120"
DS7-A,DS7,"Dr. Diana Chandler,Prof. Sarah Xu","M865,M866,M867,M868,M869,M870,M871,M872,M873,M874,M875,M876,M877,M878,M879,M880"
DS8-A,DS8,"Dr. Zachary Vargas,Dr. Oscar Lee","M913,M914,M915,M916,M917,M918,M919,M920,M921,M922,M923,M924,M925,M926,M927,M928,M3375,M3376,M3377,M3378,M3379,M3380,M3381,M3382,M3383,M3384,M3385,M3386,M3387,M3388,M3389,M3390"
DS9-A,DS9,"Prof. Dorothy Doyle,Dr. Charles Chandler","M961,M962,M963,M964,M965,M966,M967,M968,M969,M970,M971,M972,M973,M974,M975,M976,M737,M738,M739,M740,M741,M742,M743,M744,M745,M746,M747,M748,M749,M750,M751,M752"
DS10-A,DS10,"Dr. Tyler Davis2,Dr. Natalie Powell","M1009,M1010,M1011,M1012,M1013,M1014,M1015,M1016,M1017,M1018,M1019,M1020,M1021,M1022,M1023,M1024"
DS11-A,DS11,"Dr. Diana Chandler,Prof. Sarah Xu","M1057,M1058,M1059,M1060,M1061,M1062,M1063,M1064,M1065,M1066,M1067,M1068,M1069,M1070,M1071,M1072"
DS12-A,DS12,"Dr. Zachary Vargas,Dr. Oscar Lee","M1105,M1106,M1107,M1108,M1109,M1110,M1111,M1112,M1113,M1114,M1115,M1116,M1117,M1118,M1119,M1120"
STAT1-A,STAT1,"Dr. Ryan Long,Dr. Xavier  Jenkins","M1153,M1154,M1155,M1156,M1157,M1158,M1159,M1160,M1161,M1162,M1163,M1164,M1165,M1166,M1167,M1168,M545,M546,M547,M548,M549,M550,M551,M552,M553,M554,M555,M556,M557,M558,M559,M560"
STAT2-A,STAT2,"Dr. Vera Fisher,Dr. Colin Hughes","M1201,M1202,M1203,M1204,M1205,M1206,M1207,M1208,M1209,M1210,M1211,M1212,M1213,M1214,M1215,M1216"
STAT3-A,STAT3,"Prof. Fiona Irwin,Dr. Brandon Lee","M1249,M1250,M1251,M1252,M1253,M1254,M1255,M1256,M1257,M1258,M1259,M1260,M1261,M1262,M1263,M1264"
STAT4-A,STAT4,"Prof. Brandon Zane,Dr. Benjamin Baker","M1297,M1298,M1299,M1300,M1301,M1302,M1303,M1304,M1305,M1306,M1307,M1308,M1309,M1310,M1311,M1312"
STAT5-A,STAT5,"Dr. Ryan Long,Dr. Xavier  Jenkins","M1345,M1346,M1347,M1348,M1349,M1350,M1351,M1352,M1353,M1354,M1355,M1356,M1357,M1358,M1359,M1360"
STAT6-A,STAT6,"Dr. Vera Fisher,Dr. Colin Hughes","M1393,M1394,M1395,M1396,M1397,M1398,M1399,M1400,M1401,M1402,M1403,M1404,M1405,M1406,M1407,M1408"
STAT7-A,STAT7,"Prof. Fiona Irwin,Dr. Brandon Lee","M1153,M1154,M1155,M1156,M1157,M1158,M1159,M1160,M1161,M1162,M1163,M1164,M1165,M1166,M1167,M1168"
STAT8-A,STAT8,"Prof. Brandon Zane,Dr. Benjamin Baker","M1201,M1202,M1203,M1204,M1205,M1206,M1207,M1208,M1209,M1210,M1211,M1212,M1213,M1214,M1215,M1216"
STAT9-A,STAT9,"Dr. Ryan Long,Dr. Xavier  Jenkins","M1249,M1250,M1251,M1252,M1253,M1254,M1255,M1256,M1257,M1258,M1259,M1260,M1261,M1262,M1263,M1264"
STAT10-A,STAT10,"Dr. Vera Fisher,Dr. Colin Hughes","M1297,M1298,M1299,M1300,M1301,M1302,M1303,M1304,M1305,M1306,M1307,M1308,M1309,M1310,M1311,M1312"
STAT11-A,STAT11,"Prof. Fiona Irwin,Dr. Brandon Lee","M1345,M1346,M1347,M1348,M1349,M1350,M1351,M1352,M1353,M1354,M1355,M1356,M1357,M1358,M1359,M1360"
STAT12-A,STAT12,"Prof. Brandon Zane,Dr. Benjamin Baker","M1393,M1394,M1395,M1396,M1397,M1398,M1399,M1400,M1401,M1402,M1403,M1404,M1405,M1406,M1407,M1408"
MAT1-A,MAT1,"Prof. Youssef Edwards,Dr. Will Mitchell","M1441,M1442,M1443,M1444,M1445,M1446,M1447,M1448,M1449,M1450,M1451,M1452,M1453,M1454,M1455,M1456"
MAT2-A,MAT2,"Prof. Fiona Kelly,Dr. Tyler Newman","M1489,M1490,M1491,M1492,M1493,M1494,M1495,M1496,M1497,M1498,M1499,M1500,M1501,M1502,M1503,M1504,M3007,M3008,M3009,M3010,M3011,M3012,M3013,M3014,M3015,M3016,M3017,M3018,M3019,M3020,M3021,M3022"
MAT3-A,MAT3,"Prof. Mason Carter,Dr. Patrick Newman","M1537,M1538,M1539,M1540,M1541,M1542,M1543,M1544,M1545,M1546,M1547,M1548,M1549,M1550,M1551,M1552"
MAT4-A,MAT4,"Dr. Steven Vasquez,Prof. Marcus Turnbull","M1585,M1586,M1587,M1588,M1589,M1590,M1591,M1592,M1593,M1594,M1595,M1596,M1597,M1598,M1599,M1600,M1025,M1026,M1027,M1028,M1029,M1030,M1031,M1032,M1033,M1034,M1035,M1036,M1037,M1038,M1039,M1040"
MAT5-A,MAT5,"Prof. Youssef Edwards,Dr. Will Mitchell","M1633,M1634,M1635,M1636,M1637,M1638,M1639,M1640,M1641,M1642,M1643,M1644,M1645,M1646,M1647,M1648,M913,M914,M915,M916,M917,M918,M919,M920,M921,M922,M923,M924,M925,M926,M927,M928"
MAT6-A,MAT6,"Prof. Fiona Kelly,Dr. Tyler Newman","M1681,M1682,M1683,M1684,M1685,M1686,M1687,M1688,M1689,M1690,M1691,M1692,M1693,M1694,M1695,M1696"
MAT7-A,MAT7,"Prof. Mason Carter,Dr. Patrick Newman","M1441,M1442,M1443,M1444,M1445,M1446,M1447,M1448,M1449,M1450,M1451,M1452,M1453,M1454,M1455,M1456"
MAT8-A,MAT8,"Dr. Steven Vasquez,Prof. Marcus Turnbull","M1489,M1490,M1491,M1492,M1493,M1494,M1495,M1496,M1497,M1498,M1499,M1500,M1501,M1502,M1503,M1504"
MAT9-A,MAT9,"Prof. Youssef Edwards,Dr. Will Mitchell","M1537,M1538,M1539,M1540,M1541,M1542,M1543,M1544,M1545,M1546,M1547,M1548,M1549,M1550,M1551,M1552,M3391,M3392,M3393,M3394,M3395,M3396,M3397,M3398,M3399,M3400,M3401,M3402,M3403,M3404,M3405,M3406"
MAT10-A,MAT10,"Prof. Fiona Kelly,Dr. Tyler Newman","M1585,M1586,M1587,M1588,M1589,M1590,M1591,M1592,M1593,M1594,M1595,M1596,M1597,M1598,M1599,M1600"
MAT11-A,MAT11,"Prof. Mason Carter,Dr. Patrick Newman","M1633,M1634,M1635,M1636,M1637,M1638,M1639,M1640,M1641,M1642,M1643,M1644,M1645,M1646,M1647,M1648"
MAT12-A,MAT12,"Dr. Steven Vasquez,Prof. Marcus Turnbull","M1681,M1682,M1683,M1684,M1685,M1686,M1687,M1688,M1689,M1690,M1691,M1692,M1693,M1694,M1695,M1696"
MI1-A,MI1,"Dr. Henry Barton,Dr. Vincent Iverson","M1729,M1730,M1731,M1732,M1733,M1734,M1735,M1736,M1737,M1738,M1739,M1740,M1741,M1742,M1743"
MI2-A,MI2,"Dr. Ryan Reed,Prof. Edward Irwin","M1774,M1775,M1776,M1777,M1778,M1779,M1780,M1781,M1782,M1783,M1784,M1785,M1786,M1787,M1788"
MI3-A,MI3,"Dr. Sarah Holden,Dr. Kevin Smith","M1819,M1820,M1821,M1822,M1823,M1824,M1825,M1826,M1827,M1828,M1829,M1830,M1831,M1832,M1833,M209,M210,M211,M212,M213,M214,M215,M216,M217,M218,M219,M220,M221,M222,M223,M224"
MI4-A,MI4,"Prof. Zoe Bennett,Dr. Quincy Graham","M1864,M1865,M1866,M1867,M1868,M1869,M1870,M1871,M1872,M1873,M1874,M1875,M1876"
MI5-A,MI5,"Dr. Henry Barton,Dr. Vincent Iverson","M1903,M1904,M1905,M1906,M1907,M1908,M1909,M1910,M1911,M1912,M1913,M1914,M1915,M1916,M1917,M1918"
MI6-A,MI6,"Dr. Ryan Reed,Prof. Edward Irwin","M1935,M1936,M1937,M1938,M1939,M1940,M1941,M1942,M1943,M1944,M1945,M1946,M1947,M1948,M1949,M1950"
MI7-A,MI7,"Dr. Sarah Holden,Dr. Kevin Smith","M1729,M1730,M1731,M1732,M1733,M1734,M1735,M1736,M1737,M1738,M1739,M1740,M1741,M1742,M1743,M1759,M1760,M1761,M1762,M1763,M1764,M1765,M1766,M1767,M1768,M1769,M1770,M1771,M1772,M1773"
MI8-A,MI8,"Prof. Zoe Bennett,Dr. Quincy Graham","M1774,M1775,M1776,M1777,M1778,M1779,M1780,M1781,M1782,M1783,M1784,M1785,M1786,M1787,M1788,M1804,M1805,M1806,M1807,M1808,M1809,M1810,M1811,M1812,M1813,M1814,M1815,M1816,M1817,M1818"
MI9-A,MI9,"Dr. Henry Barton,Dr. Vincent Iverson","M1819,M1820,M1821,M1822,M1823,M1824,M1825,M1826,M1827,M1828,M1829,M1830,M1831,M1832,M1833,M1849,M1850,M1851,M1852,M1853,M1854,M1855,M1856,M1857,M1858,M1859,M1860,M1861,M1862,M1863"
MI10-A,MI10,"Dr. Ryan Reed,Prof. Edward Irwin","M1864,M1865,M1866,M1867,M1868,M1869,M1870,M1871,M1872,M1873,M1874,M1875,M1876,M1890,M1891,M1892,M1893,M1894,M1895,M1896,M1897,M1898,M1899,M1900,M1901,M1902"
MI11-A,MI11,"Dr. Sarah Holden,Dr. Kevin Smith","M1903,M1904,M1905,M1906,M1907,M1908,M1909,M1910,M1911,M1912,M1913,M1914,M1915,M1916,M1917,M1918,M2575,M2576,M2577,M2578,M2579,M2580,M2581,M2582,M2583,M2584,M2585,M2586,M2587,M2588,M2589,M2590"
MI12-A,MI12,"Prof. Zoe Bennett,Dr. Quincy Graham","M1935,M1936,M1937,M1938,M1939,M1940,M1941,M1942,M1943,M1944,M1945,M1946,M1947,M1948,M1949,M1950"
EB1-A,EB1,"Prof. Julia Roberts,Dr. Tina Smith","M1967,M1968,M1969,M1970,M1971,M1972,M1973,M1974,M1975,M1976,M1977,M1978,M1979,M1980,M1981,M1982,M2223,M2224,M2225,M2226,M2227,M2228,M2229,M2230,M2231,M2232,M2233,M2234,M2235,M2236,M2237,M2238"
EB2-A,EB2,"Prof. Tara Brown,Dr. Benjamin Turner","M1999,M2000,M2001,M2002,M2003,M2004,M2005,M2006,M2007,M2008,M2009,M2010,M2011,M2012,M2013,M2014"
EB3-A,EB3,"Prof. Linda Bennett,Prof. Isaac Parker","M2031,M2032,M2033,M2034,M2035,M2036,M2037,M2038,M2039,M2040,M2041,M2042,M2043,M2044,M2045,M2046"
EB4-A,EB4,"Dr. Rita Green,Dr. Daniel Vega","M2063,M2064,M2065,M2066,M2067,M2068,M2069,M2070,M2071,M2072,M2073,M2074,M2075,M2076,M2077,M2078"
EB5-A,EB5,"Prof. Julia Roberts,Dr. Tina Smith","M2095,M2096,M2097,M2098,M2099,M2100,M2101,M2102,M2103,M2104,M2105,M2106,M2107,M2108,M2109,M2110"
EB6-A,EB6,"Prof. Tara Brown,Dr. Benjamin Turner","M2127,M2128,M2129,M2130,M2131,M2132,M2133,M2134,M2135,M2136,M2137,M2138,M2139,M2140,M2141,M2142,M833,M834,M835,M836,M837,M838,M839,M840,M841,M842,M843,M844,M845,M846,M847,M848"
EB7-A,EB7,"Prof. Linda Bennett,Prof. Isaac Parker","M1967,M1968,M1969,M1970,M1971,M1972,M1973,M1974,M1975,M1976,M1977,M1978,M1979,M1980,M1981,M1982"
EB8-A,EB8,"Dr. Rita Green,Dr. Daniel Vega","M1999,M2000,M2001,M2002,M2003,M2004,M2005,M2006,M2007,M2008,M2009,M2010,M2011,M2012,M2013,M2014,M1281,M1282,M1283,M1284,M1285,M1286,M1287,M1288,M1289,M1290,M1291,M1292,M1293,M1294,M1295,M1296"
EB9-A,EB9,"Prof. Julia Roberts,Dr. Tina Smith","M2031,M2032,M2033,M2034,M2035,M2036,M2037,M2038,M2039,M2040,M2041,M2042,M2043,M2044,M2045,M2046"
EB10-A,EB10,"Prof. Tara Brown,Dr. Benjamin Turner","M2063,M2064,M2065,M2066,M2067,M2068,M2069,M2070,M2071,M2072,M2073,M2074,M2075,M2076,M2077,M2078"
EB11-A,EB11,"Prof. Linda Bennett,Prof. Isaac Parker","M2095,M2096,M2097,M2098,M2099,M2100,M2101,M2102,M2103,M2104,M2105,M2106,M2107,M2108,M2109,M2110,M81,M82,M83,M84,M85,M86,M87,M88,M89,M90,M91,M92,M93,M94,M95,M96"
EB12-A,EB12,"Dr. Rita Green,Dr. Daniel Vega","M2127,M2128,M2129,M2130,M2131,M2132,M2133,M2134,M2135,M2136,M2137,M2138,M2139,M2140,M2141,M2142"
KT1-A,KT1,"Dr. Linda Gordon,Dr. Tina Yoder","M2159,M2160,M2161,M2162,M2163,M2164,M2165,M2166,M2167,M2168,M2169,M2170,M2171,M2172,M2173,M2174"
KT2-A,KT2,"Dr. Bryan Olson,Dr. Benjamin Zimmerman","M2191,M2192,M2193,M2194,M2195,M2196,M2197,M2198,M2199,M2200,M2201,M2202,M2203,M2204,M2205,M2206"
KT3-A,KT3,"Dr. Owen Norris,Dr. Leo Smith","M2223,M2224,M2225,M2226,M2227,M2228,M2229,M2230,M2231,M2232,M2233,M2234,M2235,M2236,M2237,M2238,M1089,M1090,M1091,M1092,M1093,M1094,M1095,M1096,M1097,M1098,M1099,M1100,M1101,M1102,M1103,M1104"
KT4-A,KT4,"Dr. Youssef Evans,Dr. Rita Zimmerman","M2255,M2256,M2257,M2258,M2259,M2260,M2261,M2262,M2263,M2264,M2265,M2266,M2267,M2268,M2269,M2270,M1935,M1936,M1937,M1938,M1939,M1940,M1941,M1942,M1943,M1944,M1945,M1946,M1947,M1948,M1949,M1950"
KT5-A,KT5,"Dr. Linda Gordon,Dr. Tina Yoder","M2287,M2288,M2289,M2290,M2291,M2292,M2293,M2294,M2295,M2296,M2297,M2298,M2299,M2300,M2301,M2302,M1489,M1490,M1491,M1492,M1493,M1494,M1495,M1496,M1497,M1498,M1499,M1500,M1501,M1502,M1503,M1504"
KT6-A,KT6,"Dr. Bryan Olson,Dr. Benjamin Zimmerman","M2319,M2320,M2321,M2322,M2323,M2324,M2325,M2326,M2327,M2328,M2329,M2330,M2331,M2332,M2333,M2334,M65,M66,M67,M68,M69,M70,M71,M72,M73,M74,M75,M76,M77,M78,M79,M80"
KT7-A,KT7,"Dr. Owen Norris,Dr. Leo Smith","M2159,M2160,M2161,M2162,M2163,M2164,M2165,M2166,M2167,M2168,M2169,M2170,M2171,M2172,M2173,M2174"
KT8-A,KT8,"Dr. Youssef Evans,Dr. Rita Zimmerman","M2191,M2192,M2193,M2194,M2195,M2196,M2197,M2198,M2199,M2200,M2201,M2202,M2203,M2204,M2205,M2206,M1617,M1618,M1619,M1620,M1621,M1622,M1623,M1624,M1625,M1626,M1627,M1628,M1629,M1630,M1631,M1632"
KT9-A,KT9,"Dr. Linda Gordon,Dr. Tina Yoder","M2223,M2224,M2225,M2226,M2227,M2228,M2229,M2230,M2231,M2232,M2233,M2234,M2235,M2236,M2237,M2238"
KT10-A,KT10,"Dr. Bryan Olson,Dr. Benjamin Zimmerman","M2255,M2256,M2257,M2258,M2259,M2260,M2261,M2262,M2263,M2264,M2265,M2266,M2267,M2268,M2269,M2270"
KT11-A,KT11,"Dr. Owen Norris,Dr. Leo Smith","M2287,M2288,M2289,M2290,M2291,M2292,M2293,M2294,M2295,M2296,M2297,M2298,M2299,M2300,M2301,M2302"
KT12-A,KT12,"Dr. Youssef Evans,Dr. Rita Zimmerman","M2319,M2320,M2321,M2322,M2323,M2324,M2325,M2326,M2327,M2328,M2329,M2330,M2331,M2332,M2333,M2334"
DKV1-A,DKV1,"Dr. Ian Quigley,Dr. Thomas Ellis","M2351,M2352,M2353,M2354,M2355,M2356,M2357,M2358,M2359,M2360,M2361,M2362,M2363,M2364,M2365,M2366"
DKV2-A,DKV2,"Prof. Katie Ibarra,Prof. Rita Brown","M2383,M2384,M2385,M2386,M2387,M2388,M2389,M2390,M2391,M2392,M2393,M2394,M2395,M2396,M2397,M2398"
DKV3-A,DKV3,"Dr. Iris Zimmerman,Dr. Isaac Pierce","M2415,M2416,M2417,M2418,M2419,M2420,M2421,M2422,M2423,M2424,M2425,M2426,M2427,M2428,M2429,M2430"
DKV4-A,DKV4,"Dr. David Reynolds,Prof. Kyle Roberts","M2447,M2448,M2449,M2450,M2451,M2452,M2453,M2454,M2455,M2456,M2457,M2458,M2459,M2460,M2461,M2462"
DKV5-A,DKV5,"Dr. Ian Quigley,Dr. Thomas Ellis","M2479,M2480,M2481,M2482,M2483,M2484,M2485,M2486,M2487,M2488,M2489,M2490,M2491,M2492,M2493,M2494,M817,M818,M819,M820,M821,M822,M823,M824,M825,M826,M827,M828,M829,M830,M831,M832"
DKV6-A,DKV6,"Prof. Katie Ibarra,Prof. Rita Brown","M2511,M2512,M2513,M2514,M2515,M2516,M2517,M2518,M2519,M2520,M2521,M2522,M2523,M2524,M2525,M2526"
DKV7-A,DKV7,"Dr. Iris Zimmerman,Dr. Isaac Pierce","M2351,M2352,M2353,M2354,M2355,M2356,M2357,M2358,M2359,M2360,M2361,M2362,M2363,M2364,M2365,M2366,M3455,M3456,M3457,M3458,M3459,M3460,M3461,M3462,M3463,M3464,M3465,M3466,M3467,M3468,M3469,M3470"
DKV8-A,DKV8,"Dr. David Reynolds,Prof. Kyle Roberts","M2383,M2384,M2385,M2386,M2387,M2388,M2389,M2390,M2391,M2392,M2393,M2394,M2395,M2396,M2397,M2398"
DKV9-A,DKV9,"Dr. Ian Quigley,Dr. Thomas Ellis","M2415,M2416,M2417,M2418,M2419,M2420,M2421,M2422,M2423,M2424,M2425,M2426,M2427,M2428,M2429,M2430"
DKV10-A,DKV10,"Prof. Katie Ibarra,Prof. Rita Brown","M2447,M2448,M2449,M2450,M2451,M2452,M2453,M2454,M2455,M2456,M2457,M2458,M2459,M2460,M2461,M2462,M321,M322,M323,M324,M325,M326,M327,M328,M329,M330,M331,M332,M333,M334,M335,M336"
DKV11-A,DKV11,"Dr. Iris Zimmerman,Dr. Isaac Pierce","M2479,M2480,M2481,M2482,M2483,M2484,M2485,M2486,M2487,M2488,M2489,M2490,M2491,M2492,M2493,M2494"
DKV12-A,DKV12,"Dr. David Reynolds,Prof. Kyle Roberts","M2511,M2512,M2513,M2514,M2515,M2516,M2517,M2518,M2519,M2520,M2521,M2522,M2523,M2524,M2525,M2526"
AD1-A,AD1,"Dr. Marcus Knox,Dr. Quincy Norton","M2543,M2544,M2545,M2546,M2547,M2548,M2549,M2550,M2551,M2552,M2553,M2554,M2555,M2556,M2557,M2558,M2783,M2784,M2785,M2786,M2787,M2788,M2789,M2790,M2791,M2792,M2793,M2794,M2795,M2796,M2797,M2798"
AD2-A,AD2,"Prof. William Pierce,Prof. Kelly Young","M2575,M2576,M2577,M2578,M2579,M2580,M2581,M2582,M2583,M2584,M2585,M2586,M2587,M2588,M2589,M2590,M1537,M1538,M1539,M1540,M1541,M1542,M1543,M1544,M1545,M1546,M1547,M1548,M1549,M1550,M1551,M1552"
AD3-A,AD3,"Dr. Grace Spencer,Prof. Zane Olson","M2607,M2608,M2609,M2610,M2611,M2612,M2613,M2614,M2615,M2616,M2617,M2618,M2619,M2620,M2621,M2622"
AD4-A,AD4,"Dr. Nathan Pierce,Prof. Emma Graham","M2639,M2640,M2641,M2642,M2643,M2644,M2645,M2646,M2647,M2648,M2649,M2650,M2651,M2652,M2653,M2654"
AD5-A,AD5,"Dr. Marcus Knox,Dr. Quincy Norton","M2671,M2672,M2673,M2674,M2675,M2676,M2677,M2678,M2679,M2680,M2681,M2682,M2683,M2684,M2685,M2686"
AD6-A,AD6,"Prof. William Pierce,Prof. Kelly Young","M2703,M2704,M2705,M2706,M2707,M2708,M2709,M2710,M2711,M2712,M2713,M2714,M2715,M2716,M2717,M2718,M849,M850,M851,M852,M853,M854,M855,M856,M857,M858,M859,M860,M861,M862,M863,M864"
AD7-A,AD7,"Dr. Grace Spencer,Prof. Zane Olson","M2543,M2544,M2545,M2546,M2547,M2548,M2549,M2550,M2551,M2552,M2553,M2554,M2555,M2556,M2557,M2558"
AD8-A,AD8,"Dr. Nathan Pierce,Prof. Emma Graham","M2575,M2576,M2577,M2578,M2579,M2580,M2581,M2582,M2583,M2584,M2585,M2586,M2587,M2588,M2589,M2590"
AD9-A,AD9,"Dr. Marcus Knox,Dr. Quincy Norton","M2607,M2608,M2609,M2610,M2611,M2612,M2613,M2614,M2615,M2616,M2617,M2618,M2619,M2620,M2621,M2622"
AD10-A,AD10,"Prof. William Pierce,Prof. Kelly Young","M2639,M2640,M2641,M2642,M2643,M2644,M2645,M2646,M2647,M2648,M2649,M2650,M2651,M2652,M2653,M2654"
AD11-A,AD11,"Dr. Grace Spencer,Prof. Zane Olson","M2671,M2672,M2673,M2674,M2675,M2676,M2677,M2678,M2679,M2680,M2681,M2682,M2683,M2684,M2685,M2686"
AD12-A,AD12,"Dr. Nathan Pierce,Prof. Emma Graham","M2703,M2704,M2705,M2706,M2707,M2708,M2709,M2710,M2711,M2712,M2713,M2714,M2715,M2716,M2717,M2718,M2527,M2528,M2529,M2530,M2531,M2532,M2533,M2534,M2535,M2536,M2537,M2538,M2539,M2540,M2541,M2542"
MDA1-A,MDA1,"Prof. Wendy Vargas,Dr. Quinn Reed","M2735,M2736,M2737,M2738,M2739,M2740,M2741,M2742,M2743,M2744,M2745,M2746,M2747,M2748,M2749,M2750,M657,M658,M659,M660,M661,M662,M663,M664,M665,M666,M667,M668,M669,M670,M671,M672"
MDA2-A,MDA2,"Prof. Quincy Quinn,Dr. Penny Barton","M2767,M2768,M2769,M2770,M2771,M2772,M2773,M2774,M2775,M2776,M2777,M2778,M2779,M2780,M2781,M2782"
MDA3-A,MDA3,"Prof. Fiona Jones,Dr. Benjamin Roberts","M2799,M2800,M2801,M2802,M2803,M2804,M2805,M2806,M2807,M2808,M2809,M2810,M2811,M2812,M2813,M2814"
MDA4-A,MDA4,"Dr. Ian Faulkner,Dr. Uma Ziegler","M2831,M2832,M2833,M2834,M2835,M2836,M2837,M2838,M2839,M2840,M2841,M2842,M2843,M2844,M2845,M2846"
MDA5-A,MDA5,"Prof. Wendy Vargas,Dr. Quinn Reed","M2863,M2864,M2865,M2866,M2867,M2868,M2869,M2870,M2871,M2872,M2873,M2874,M2875,M2876,M2877,M2878"
MDA6-A,MDA6,"Prof. Quincy Quinn,Dr. Penny Barton","M2895,M2896,M2897,M2898,M2899,M2900,M2901,M2902,M2903,M2904,M2905,M2906,M2907,M2908,M2909,M2910"
MDA7-A,MDA7,"Prof. Fiona Jones,Dr. Benjamin Roberts","M2735,M2736,M2737,M2738,M2739,M2740,M2741,M2742,M2743,M2744,M2745,M2746,M2747,M2748,M2749,M2750"
MDA8-A,MDA8,"Dr. Ian Faulkner,Dr. Uma Ziegler","M2767,M2768,M2769,M2770,M2771,M2772,M2773,M2774,M2775,M2776,M2777,M2778,M2779,M2780,M2781,M2782,M1073,M1074,M1075,M1076,M1077,M1078,M1079,M1080,M1081,M1082,M1083,M1084,M1085,M1086,M1087,M1088"
MDA9-A,MDA9,"Prof. Wendy Vargas,Dr. Quinn Reed","M2799,M2800,M2801,M2802,M2803,M2804,M2805,M2806,M2807,M2808,M2809,M2810,M2811,M2812,M2813,M2814,M609,M610,M611,M612,M613,M614,M615,M616,M617,M618,M619,M620,M621,M622,M623,M624"
MDA10-A,MDA10,"Prof. Quincy Quinn,Dr. Penny Barton","M2831,M2832,M2833,M2834,M2835,M2836,M2837,M2838,M2839,M2840,M2841,M2842,M2843,M2844,M2845,M2846,M353,M354,M355,M356,M357,M358,M359,M360,M361,M362,M363,M364,M365,M366,M367,M368"
MDA11-A,MDA11,"Prof. Fiona Jones,Dr. Benjamin Roberts","M2863,M2864,M2865,M2866,M2867,M2868,M2869,M2870,M2871,M2872,M2873,M2874,M2875,M2876,M2877,M2878,M1377,M1378,M1379,M1380,M1381,M1382,M1383,M1384,M1385,M1386,M1387,M1388,M1389,M1390,M1391,M1392"
MDA12-A,MDA12,"Dr. Ian Faulkner,Dr. Uma Ziegler","M2895,M2896,M2897,M2898,M2899,M2900,M2901,M2902,M2903,M2904,M2905,M2906,M2907,M2908,M2909,M2910"
IK1-A,IK1,"Prof. Ulysses Walsh,Prof. Rachel Zimmerman","M2927,M2928,M2929,M2930,M2931,M2932,M2933,M2934,M2935,M2936,M2937,M2938,M2939,M2940,M2941,M2942,M465,M466,M467,M468,M469,M470,M471,M472,M473,M474,M475,M476,M477,M478,M479,M480"
IK2-A,IK2,"Prof. Ryan Quinn,Prof. Adrian Powell","M2959,M2960,M2961,M2962,M2963,M2964,M2965,M2966,M2967,M2968,M2969,M2970,M2971,M2972,M2973,M2974,M2479,M2480,M2481,M2482,M2483,M2484,M2485,M2486,M2487,M2488,M2489,M2490,M2491,M2492,M2493,M2494"
IK3-A,IK3,"Prof. Tina Ortiz,Dr. Nathan Stewart","M2991,M2992,M2993,M2994,M2995,M2996,M2997,M2998,M2999,M3000,M3001,M3002,M3003,M3004,M3005,M3006,M2239,M2240,M2241,M2242,M2243,M2244,M2245,M2246,M2247,M2248,M2249,M2250,M2251,M2252,M2253,M2254"
IK4-A,IK4,"Dr. David Tucker,Prof. Penelope Evans","M3023,M3024,M3025,M3026,M3027,M3028,M3029,M3030,M3031,M3032,M3033,M3034,M3035,M3036,M3037,M3038"
IK5-A,IK5,"Prof. Ulysses Walsh,Prof. Rachel Zimmerman","M3055,M3056,M3057,M3058,M3059,M3060,M3061,M3062,M3063,M3064,M3065,M3066,M3067,M3068,M3069,M3070"
IK6-A,IK6,"Prof. Ryan Quinn,Prof. Adrian Powell","M3087,M3088,M3089,M3090,M3091,M3092,M3093,M3094,M3095,M3096,M3097,M3098,M3099,M3100,M3101,M3102"
IK7-A,IK7,"Prof. Tina Ortiz,Dr. Nathan Stewart","M2927,M2928,M2929,M2930,M2931,M2932,M2933,M2934,M2935,M2936,M2937,M2938,M2939,M2940,M2941,M2942,M145,M146,M147,M148,M149,M150,M151,M152,M153,M154,M155,M156,M157,M158,M159,M160"
IK8-A,IK8,"Dr. David Tucker,Prof. Penelope Evans","M2959,M2960,M2961,M2962,M2963,M2964,M2965,M2966,M2967,M2968,M2969,M2970,M2971,M2972,M2973,M2974,M1744,M1745,M1746,M1747,M1748,M1749,M1750,M1751,M1752,M1753,M1754,M1755,M1756,M1757,M1758"
IK9-A,IK9,"Prof. Ulysses Walsh,Prof. Rachel Zimmerman","M2991,M2992,M2993,M2994,M2995,M2996,M2997,M2998,M2999,M3000,M3001,M3002,M3003,M3004,M3005,M3006,M1425,M1426,M1427,M1428,M1429,M1430,M1431,M1432,M1433,M1434,M1435,M1436,M1437,M1438,M1439,M1440"
IK10-A,IK10,"Prof. Ryan Quinn,Prof. Adrian Powell","M3023,M3024,M3025,M3026,M3027,M3028,M3029,M3030,M3031,M3032,M3033,M3034,M3035,M3036,M3037,M3038"
IK11-A,IK11,"Prof. Tina Ortiz,Dr. Nathan Stewart","M3055,M3056,M3057,M3058,M3059,M3060,M3061,M3062,M3063,M3064,M3065,M3066,M3067,M3068,M3069,M3070"
IK12-A,IK12,"Dr. David Tucker,Prof. Penelope Evans","M3087,M3088,M3089,M3090,M3091,M3092,M3093,M3094,M3095,M3096,M3097,M3098,M3099,M3100,M3101,M3102"
TB1-A,TB1,"Prof. Bryan Quinn,Dr. Dorothy Davis2","M3119,M3120,M3121,M3122,M3123,M3124,M3125,M3126,M3127,M3128,M3129,M3130,M3131,M3132,M3133,M3134"
TB2-A,TB2,"Prof. Lily Allen,Dr. Holly Ziegler","M3151,M3152,M3153,M3154,M3155,M3156,M3157,M3158,M3159,M3160,M3161,M3162,M3163,M3164,M3165,M3166"
TB3-A,TB3,"Prof. Noah Ibarra,Dr. Harry King2","M3183,M3184,M3185,M3186,M3187,M3188,M3189,M3190,M3191,M3192,M3193,M3194,M3195,M3196,M3197,M3198"
TB4-A,TB4,"Dr. Vincent Underwood,Dr. Emily Long","M3215,M3216,M3217,M3218,M3219,M3220,M3221,M3222,M3223,M3224,M3225,M3226,M3227,M3228,M3229,M3230"
TB5-A,TB5,"Prof. Bryan Quinn,Dr. Dorothy Davis2","M3247,M3248,M3249,M3250,M3251,M3252,M3253,M3254,M3255,M3256,M3257,M3258,M3259,M3260,M3261,M3262"
TB6-A,TB6,"Prof. Lily Allen,Dr. Holly Ziegler","M3279,M3280,M3281,M3282,M3283,M3284,M3285,M3286,M3287,M3288,M3289,M3290,M3291,M3292,M3293,M3294,M1185,M1186,M1187,M1188,M1189,M1190,M1191,M1192,M1193,M1194,M1195,M1196,M1197,M1198,M1199,M1200"
TB7-A,TB7,"Prof. Noah Ibarra,Dr. Harry King2","M3119,M3120,M3121,M3122,M3123,M3124,M3125,M3126,M3127,M3128,M3129,M3130,M3131,M3132,M3133,M3134,M2351,M2352,M2353,M2354,M2355,M2356,M2357,M2358,M2359,M2360,M2361,M2362,M2363,M2364,M2365,M2366"
TB8-A,TB8,"Dr. Vincent Underwood,Dr. Emily Long","M3151,M3152,M3153,M3154,M3155,M3156,M3157,M3158,M3159,M3160,M3161,M3162,M3163,M3164,M3165,M3166"
TB9-A,TB9,"Prof. Bryan Quinn,Dr. Dorothy Davis2","M3183,M3184,M3185,M3186,M3187,M3188,M3189,M3190,M3191,M3192,M3193,M3194,M3195,M3196,M3197,M3198"
TB10-A,TB10,"Prof. Lily Allen,Dr. Holly Ziegler","M3215,M3216,M3217,M3218,M3219,M3220,M3221,M3222,M3223,M3224,M3225,M3226,M3227,M3228,M3229,M3230"
TB11-A,TB11,"Prof. Noah Ibarra,Dr. Harry King2","M3247,M3248,M3249,M3250,M3251,M3252,M3253,M3254,M3255,M3256,M3257,M3258,M3259,M3260,M3261,M3262"
TB12-A,TB12,"Dr. Vincent Underwood,Dr. Emily Long","M3279,M3280,M3281,M3282,M3283,M3284,M3285,M3286,M3287,M3288,M3289,M3290,M3291,M3292,M3293,M3294"
RM1-A,RM1,"Prof. Will Scott,Prof. Fiona Underwood","M3311,M3312,M3313,M3314,M3315,M3316,M3317,M3318,M3319,M3320,M3321,M3322,M3323,M3324,M3325,M3326"
RM2-A,RM2,"Dr. Elena Young,Prof. Harry Zimmerman","M3343,M3344,M3345,M3346,M3347,M3348,M3349,M3350,M3351,M3352,M3353,M3354,M3355,M3356,M3357,M3358"
RM3-A,RM3,"Dr. Oscar Logan,Prof. Catherine Parker","M3375,M3376,M3377,M3378,M3379,M3380,M3381,M3382,M3383,M3384,M3385,M3386,M3387,M3388,M3389,M3390"
RM4-A,RM4,"Dr. Sam Walsh,Prof. Holly Johnson","M3407,M3408,M3409,M3410,M3411,M3412,M3413,M3414,M3415,M3416,M3417,M3418,M3419,M3420,M3421,M3422"
RM5-A,RM5,"Prof. Will Scott,Prof. Fiona Underwood","M3439,M3440,M3441,M3442,M3443,M3444,M3445,M3446,M3447,M3448,M3449,M3450,M3451,M3452,M3453,M3454"
RM6-A,RM6,"Dr. Elena Young,Prof. Harry Zimmerman","M3471,M3472,M3473,M3474,M3475,M3476,M3477,M3478,M3479,M3480,M3481,M3482,M3483,M3484,M3485,M3486"
RM7-A,RM7,"Dr. Oscar Logan,Prof. Catherine Parker","M3311,M3312,M3313,M3314,M3315,M3316,M3317,M3318,M3319,M3320,M3321,M3322,M3323,M3324,M3325,M3326"
RM8-A,RM8,"Dr. Sam Walsh,Prof. Holly Johnson","M3343,M3344,M3345,M3346,M3347,M3348,M3349,M3350,M3351,M3352,M3353,M3354,M3355,M3356,M3357,M3358,M1759,M1760,M1761,M1762,M1763,M1764,M1765,M1766,M1767,M1768,M1769,M1770,M1771,M1772,M1773"
RM9-A,RM9,"Prof. Will Scott,Prof. Fiona Underwood","M3375,M3376,M3377,M3378,M3379,M3380,M3381,M3382,M3383,M3384,M3385,M3386,M3387,M3388,M3389,M3390"
RM10-A,RM10,"Dr. Elena Young,Prof. Harry Zimmerman","M3407,M3408,M3409,M3410,M3411,M3412,M3413,M3414,M3415,M3416,M3417,M3418,M3419,M3420,M3421,M3422,M289,M290,M291,M292,M293,M294,M295,M296,M297,M298,M299,M300,M301,M302,M303,M304"
RM11-A,RM11,"Dr. Oscar Logan,Prof. Catherine Parker","M3439,M3440,M3441,M3442,M3443,M3444,M3445,M3446,M3447,M3448,M3449,M3450,M3451,M3452,M3453,M3454"
RM12-A,RM12,"Dr. Sam Walsh,Prof. Holly Johnson","M3471,M3472,M3473,M3474,M3475,M3476,M3477,M3478,M3479,M3480,M3481,M3482,M3483,M3484,M3485,M3486"
TI1-B,TI1,"Prof. Holly Norton,Prof. Patrick Vargas","M17,M18,M19,M20,M21,M22,M23,M24,M25,M26,M27,M28,M29,M30,M31,M32"
TI2-B,TI2,"Dr. Laura Jones,Prof. Diana Barton","M65,M66,M67,M68,M69,M70,M71,M72,M73,M74,M75,M76,M77,M78,M79,M80"
TI3-B,TI3,"Dr. Kyle Vega,Dr. Penny King","M113,M114,M115,M116,M117,M118,M119,M120,M121,M122,M123,M124,M125,M126,M127,M128"
TI4-B,TI4,"Dr. Nora Miller,Dr. Alice Lee","M161,M162,M163,M164,M165,M166,M167,M168,M169,M170,M171,M172,M173,M174,M175,M176,M3183,M3184,M3185,M3186,M3187,M3188,M3189,M3190,M3191,M3192,M3193,M3194,M3195,M3196,M3197,M3198"
TI5-B,TI5,"Prof. Holly Norton,Prof. Patrick Vargas","M209,M210,M211,M212,M213,M214,M215,M216,M217,M218,M219,M220,M221,M222,M223,M224"
TI6-B,TI6,"Dr. Laura Jones,Prof. Diana Barton","M257,M258,M259,M260,M261,M262,M263,M264,M265,M266,M267,M268,M269,M270,M271,M272"
TI7-B,TI7,"Dr. Kyle Vega,Dr. Penny King","M17,M18,M19,M20,M21,M22,M23,M24,M25,M26,M27,M28,M29,M30,M31,M32"
TI8-B,TI8,"Dr. Nora Miller,Dr. Alice Lee","M65,M66,M67,M68,M69,M70,M71,M72,M73,M74,M75,M76,M77,M78,M79,M80"
TI9-B,TI9,"Prof. Holly Norton,Prof. Patrick Vargas","M113,M114,M115,M116,M117,M118,M119,M120,M121,M122,M123,M124,M125,M126,M127,M128"
TI10-B,TI10,"Dr. Laura Jones,Prof. Diana Barton","M161,M162,M163,M164,M165,M166,M167,M168,M169,M170,M171,M172,M173,M174,M175,M176,M1819,M1820,M1821,M1822,M1823,M1824,M1825,M1826,M1827,M1828,M1829,M1830,M1831,M1832,M1833"
TI11-B,TI11,"Dr. Kyle Vega,Dr. Penny King","M209,M210,M211,M212,M213,M214,M215,M216,M217,M218,M219,M220,M221,M222,M223,M224"
TI12-B,TI12,"Dr. Nora Miller,Dr. Alice Lee","M257,M258,M259,M260,M261,M262,M263,M264,M265,M266,M267,M268,M269,M270,M271,M272"
SI1-B,SI1,"Dr. Gina Newman,Prof. Olivia Ibarra","M305,M306,M307,M308,M309,M310,M311,M312,M313,M314,M315,M316,M317,M318,M319,M320"
SI2-B,SI2,"Dr. Wendy Spencer,Dr. Leo Ellis","M353,M354,M355,M356,M357,M358,M359,M360,M361,M362,M363,M364,M365,M366,M367,M368,M3055,M3056,M3057,M3058,M3059,M3060,M3061,M3062,M3063,M3064,M3065,M3066,M3067,M3068,M3069,M3070"
SI3-B,SI3,"Dr. Bella Quigley,Dr. Natalie Reyes","M401,M402,M403,M404,M405,M406,M407,M408,M409,M410,M411,M412,M413,M414,M415,M416,M2511,M2512,M2513,M2514,M2515,M2516,M2517,M2518,M2519,M2520,M2521,M2522,M2523,M2524,M2525,M2526"
SI4-B,SI4,"Dr. Sam Scott,Dr. Julia Faulkner","M449,M450,M451,M452,M453,M454,M455,M456,M457,M458,M459,M460,M461,M462,M463,M464"
SI5-B,SI5,"Dr. Gina Newman,Prof. Olivia Ibarra","M497,M498,M499,M500,M501,M502,M503,M504,M505,M506,M507,M508,M509,M510,M511,M512,M1774,M1775,M1776,M1777,M1778,M1779,M1780,M1781,M1782,M1783,M1784,M1785,M1786,M1787,M1788"
SI6-B,SI6,"Dr. Wendy Spencer,Dr. Leo Ellis","M545,M546,M547,M548,M549,M550,M551,M552,M553,M554,M555,M556,M557,M558,M559,M560"
SI7-B,SI7,"Dr. Bella Quigley,Dr. Natalie Reyes","M305,M306,M307,M308,M309,M310,M311,M312,M313,M314,M315,M316,M317,M318,M319,M320"
SI8-B,SI8,"Dr. Sam Scott,Dr. Julia Faulkner","M353,M354,M355,M356,M357,M358,M359,M360,M361,M362,M363,M364,M365,M366,M367,M368"
SI9-B,SI9,"Dr. Gina Newman,Prof. Olivia Ibarra","M401,M402,M403,M404,M405,M406,M407,M408,M409,M410,M411,M412,M413,M414,M415,M416"
SI10-B,SI10,"Dr. Wendy Spencer,Dr. Leo Ellis","M449,M450,M451,M452,M453,M454,M455,M456,M457,M458,M459,M460,M461,M462,M463,M464"
SI11-B,SI11,"Dr. Bella Quigley,Dr. Natalie Reyes","M497,M498,M499,M500,M501,M502,M503,M504,M505,M506,M507,M508,M509,M510,M511,M512"
SI12-B,SI12,"Dr. Sam Scott,Dr. Julia Faulkner","M545,M546,M547,M548,M549,M550,M551,M552,M553,M554,M555,M556,M557,M558,M559,M560,M2703,M2704,M2705,M2706,M2707,M2708,M2709,M2710,M2711,M2712,M2713,M2714,M2715,M2716,M2717,M2718"
TK1-B,TK1,"Prof. Mason Yoder,Dr. Grace Kelly","M593,M594,M595,M596,M597,M598,M599,M600,M601,M602,M603,M604,M605,M606,M607,M608,M1393,M1394,M1395,M1396,M1397,M1398,M1399,M1400,M1401,M1402,M1403,M1404,M1405,M1406,M1407,M1408"
TK2-B,TK2,"Prof. Olivia Ellis,Dr. Ryan Adams","M641,M642,M643,M644,M645,M646,M647,M648,M649,M650,M651,M652,M653,M654,M655,M656"
TK3-B,TK3,"Dr. Lily Fisher,Dr. Tina Nelson","M689,M690,M691,M692,M693,M694,M695,M696,M697,M698,M699,M700,M701,M702,M703,M704"
TK4-B,TK4,"Prof. Victor Ellis,Dr. Charles Xu","M737,M738,M739,M740,M741,M742,M743,M744,M745,M746,M747,M748,M749,M750,M751,M752"
TK5-B,TK5,"Prof. Mason Yoder,Dr. Grace Kelly","M785,M786,M787,M788,M789,M790,M791,M792,M793,M794,M795,M796,M797,M798,M799,M800"
TK6-B,TK6,"Prof. Olivia Ellis,Dr. Ryan Adams","M833,M834,M835,M836,M837,M838,M839,M840,M841,M842,M843,M844,M845,M846,M847,M848,M2255,M2256,M2257,M2258,M2259,M2260,M2261,M2262,M2263,M2264,M2265,M2266,M2267,M2268,M2269,M2270"
TK7-B,TK7,"Dr. Lily Fisher,Dr. Tina Nelson","M593,M594,M595,M596,M597,M598,M599,M600,M601,M602,M603,M604,M605,M606,M607,M608"
TK8-B,TK8,"Prof. Victor Ellis,Dr. Charles Xu","M641,M642,M643,M644,M645,M646,M647,M648,M649,M650,M651,M652,M653,M654,M655,M656"
TK9-B,TK9,"Prof. Mason Yoder,Dr. Grace Kelly","M689,M690,M691,M692,M693,M694,M695,M696,M697,M698,M699,M700,M701,M702,M703,M704,M1983,M1984,M1985,M1986,M1987,M1988,M1989,M1990,M1991,M1992,M1993,M1994,M1995,M1996,M1997,M1998"
TK10-B,TK10,"Prof. Olivia Ellis,Dr. Ryan Adams","M737,M738,M739,M740,M741,M742,M743,M744,M745,M746,M747,M748,M749,M750,M751,M752"
TK11-B,TK11,"Dr. Lily Fisher,Dr. Tina Nelson","M785,M786,M787,M788,M789,M790,M791,M792,M793,M794,M795,M796,M797,M798,M799,M800"
TK12-B,TK12,"Prof. Victor Ellis,Dr. Charles Xu","M833,M834,M835,M836,M837,M838,M839,M840,M841,M842,M843,M844,M845,M846,M847,M848"
DS1-B,DS1,"Prof. Dorothy Doyle,Dr. Charles Chandler","M881,M882,M883,M884,M885,M886,M887,M888,M889,M890,M891,M892,M893,M894,M895,M896"
DS2-B,DS2,"Dr. Tyler Davis2,Dr. Natalie Powell","M929,M930,M931,M932,M933,M934,M935,M936,M937,M938,M939,M940,M941,M942,M943,M944"
DS3-B,DS3,"Dr. Diana Chandler,Prof. Sarah Xu","M977,M978,M979,M980,M981,M982,M983,M984,M985,M986,M987,M988,M989,M990,M991,M992"
DS4-B,DS4,"Dr. Zachary Vargas,Dr. Oscar Lee","M1025,M1026,M1027,M1028,M1029,M1030,M1031,M1032,M1033,M1034,M1035,M1036,M1037,M1038,M1039,M1040"
DS5-B,DS5,"Prof. Dorothy Doyle,Dr. Charles Chandler","M1073,M1074,M1075,M1076,M1077,M1078,M1079,M1080,M1081,M1082,M1083,M1084,M1085,M1086,M1087,M1088,M257,M258,M259,M260,M261,M262,M263,M264,M265,M266,M267,M268,M269,M270,M271,M272"
DS6-B,DS6,"Dr. Tyler Davis2,Dr. Natalie Powell","M1121,M1122,M1123,M1124,M1125,M1126,M1127,M1128,M1129,M1130,M1131,M1132,M1133,M1134,M1135,M1136"
DS7-B,DS7,"Dr. Diana Chandler,Prof. Sarah Xu","M881,M882,M883,M884,M885,M886,M887,M888,M889,M890,M891,M892,M893,M894,M895,M896"
DS8-B,DS8,"Dr. Zachary Vargas,Dr. Oscar Lee","M929,M930,M931,M932,M933,M934,M935,M936,M937,M938,M939,M940,M941,M942,M943,M944,M177,M178,M179,M180,M181,M182,M183,M184,M185,M186,M187,M188,M189,M190,M191,M192"
DS9-B,DS9,"Prof. Dorothy Doyle,Dr. Charles Chandler","M977,M978,M979,M980,M981,M982,M983,M984,M985,M986,M987,M988,M989,M990,M991,M992"
DS10-B,DS10,"Dr. Tyler Davis2,Dr. Natalie Powell","M1025,M1026,M1027,M1028,M1029,M1030,M1031,M1032,M1033,M1034,M1035,M1036,M1037,M1038,M1039,M1040"
DS11-B,DS11,"Dr. Diana Chandler,Prof. Sarah Xu","M1073,M1074,M1075,M1076,M1077,M1078,M1079,M1080,M1081,M1082,M1083,M1084,M1085,M1086,M1087,M1088"
DS12-B,DS12,"Dr. Zachary Vargas,Dr. Oscar Lee","M1121,M1122,M1123,M1124,M1125,M1126,M1127,M1128,M1129,M1130,M1131,M1132,M1133,M1134,M1135,M1136"
STAT1-B,STAT1,"Dr. Ryan Long,Dr. Xavier  Jenkins","M1169,M1170,M1171,M1172,M1173,M1174,M1175,M1176,M1177,M1178,M1179,M1180,M1181,M1182,M1183,M1184"
STAT2-B,STAT2,"Dr. Vera Fisher,Dr. Colin Hughes","M1217,M1218,M1219,M1220,M1221,M1222,M1223,M1224,M1225,M1226,M1227,M1228,M1229,M1230,M1231,M1232,M1919,M1920,M1921,M1922,M1923,M1924,M1925,M1926,M1927,M1928,M1929,M1930,M1931,M1932,M1933,M1934"
STAT3-B,STAT3,"Prof. Fiona Irwin,Dr. Brandon Lee","M1265,M1266,M1267,M1268,M1269,M1270,M1271,M1272,M1273,M1274,M1275,M1276,M1277,M1278,M1279,M1280"
STAT4-B,STAT4,"Prof. Brandon Zane,Dr. Benjamin Baker","M1313,M1314,M1315,M1316,M1317,M1318,M1319,M1320,M1321,M1322,M1323,M1324,M1325,M1326,M1327,M1328"
STAT5-B,STAT5,"Dr. Ryan Long,Dr. Xavier  Jenkins","M1361,M1362,M1363,M1364,M1365,M1366,M1367,M1368,M1369,M1370,M1371,M1372,M1373,M1374,M1375,M1376"
STAT6-B,STAT6,"Dr. Vera Fisher,Dr. Colin Hughes","M1409,M1410,M1411,M1412,M1413,M1414,M1415,M1416,M1417,M1418,M1419,M1420,M1421,M1422,M1423,M1424"
STAT7-B,STAT7,"Prof. Fiona Irwin,Dr. Brandon Lee","M1169,M1170,M1171,M1172,M1173,M1174,M1175,M1176,M1177,M1178,M1179,M1180,M1181,M1182,M1183,M1184"
STAT8-B,STAT8,"Prof. Brandon Zane,Dr. Benjamin Baker","M1217,M1218,M1219,M1220,M1221,M1222,M1223,M1224,M1225,M1226,M1227,M1228,M1229,M1230,M1231,M1232"
STAT9-B,STAT9,"Dr. Ryan Long,Dr. Xavier  Jenkins","M1265,M1266,M1267,M1268,M1269,M1270,M1271,M1272,M1273,M1274,M1275,M1276,M1277,M1278,M1279,M1280,M3295,M3296,M3297,M3298,M3299,M3300,M3301,M3302,M3303,M3304,M3305,M3306,M3307,M3308,M3309,M3310"
STAT10-B,STAT10,"Dr. Vera Fisher,Dr. Colin Hughes","M1313,M1314,M1315,M1316,M1317,M1318,M1319,M1320,M1321,M1322,M1323,M1324,M1325,M1326,M1327,M1328"
STAT11-B,STAT11,"Prof. Fiona Irwin,Dr. Brandon Lee","M1361,M1362,M1363,M1364,M1365,M1366,M1367,M1368,M1369,M1370,M1371,M1372,M1373,M1374,M1375,M1376"
STAT12-B,STAT12,"Prof. Brandon Zane,Dr. Benjamin Baker","M1409,M1410,M1411,M1412,M1413,M1414,M1415,M1416,M1417,M1418,M1419,M1420,M1421,M1422,M1423,M1424"
MAT1-B,MAT1,"Prof. Youssef Edwards,Dr. Will Mitchell","M1457,M1458,M1459,M1460,M1461,M1462,M1463,M1464,M1465,M1466,M1467,M1468,M1469,M1470,M1471,M1472"
MAT2-B,MAT2,"Prof. Fiona Kelly,Dr. Tyler Newman","M1505,M1506,M1507,M1508,M1509,M1510,M1511,M1512,M1513,M1514,M1515,M1516,M1517,M1518,M1519,M1520"
MAT3-B,MAT3,"Prof. Mason Carter,Dr. Patrick Newman","M1553,M1554,M1555,M1556,M1557,M1558,M1559,M1560,M1561,M1562,M1563,M1564,M1565,M1566,M1567,M1568"
MAT4-B,MAT4,"Dr. Steven Vasquez,Prof. Marcus Turnbull","M1601,M1602,M1603,M1604,M1605,M1606,M1607,M1608,M1609,M1610,M1611,M1612,M1613,M1614,M1615,M1616"
MAT5-B,MAT5,"Prof. Youssef Edwards,Dr. Will Mitchell","M1649,M1650,M1651,M1652,M1653,M1654,M1655,M1656,M1657,M1658,M1659,M1660,M1661,M1662,M1663,M1664"
MAT6-B,MAT6,"Prof. Fiona Kelly,Dr. Tyler Newman","M1697,M1698,M1699,M1700,M1701,M1702,M1703,M1704,M1705,M1706,M1707,M1708,M1709,M1710,M1711,M1712"
MAT7-B,MAT7,"Prof. Mason Carter,Dr. Patrick Newman","M1457,M1458,M1459,M1460,M1461,M1462,M1463,M1464,M1465,M1466,M1467,M1468,M1469,M1470,M1471,M1472"
MAT8-B,MAT8,"Dr. Steven Vasquez,Prof. Marcus Turnbull","M1505,M1506,M1507,M1508,M1509,M1510,M1511,M1512,M1513,M1514,M1515,M1516,M1517,M1518,M1519,M1520"
MAT9-B,MAT9,"Prof. Youssef Edwards,Dr. Will Mitchell","M1553,M1554,M1555,M1556,M1557,M1558,M1559,M1560,M1561,M1562,M1563,M1564,M1565,M1566,M1567,M1568"
MAT10-B,MAT10,"Prof. Fiona Kelly,Dr. Tyler Newman","M1601,M1602,M1603,M1604,M1605,M1606,M1607,M1608,M1609,M1610,M1611,M1612,M1613,M1614,M1615,M1616,M1313,M1314,M1315,M1316,M1317,M1318,M1319,M1320,M1321,M1322,M1323,M1324,M1325,M1326,M1327,M1328"
MAT11-B,MAT11,"Prof. Mason Carter,Dr. Patrick Newman","M1649,M1650,M1651,M1652,M1653,M1654,M1655,M1656,M1657,M1658,M1659,M1660,M1661,M1662,M1663,M1664,M2319,M2320,M2321,M2322,M2323,M2324,M2325,M2326,M2327,M2328,M2329,M2330,M2331,M2332,M2333,M2334"
MAT12-B,MAT12,"Dr. Steven Vasquez,Prof. Marcus Turnbull","M1697,M1698,M1699,M1700,M1701,M1702,M1703,M1704,M1705,M1706,M1707,M1708,M1709,M1710,M1711,M1712,M2463,M2464,M2465,M2466,M2467,M2468,M2469,M2470,M2471,M2472,M2473,M2474,M2475,M2476,M2477,M2478"
MI1-B,MI1,"Dr. Henry Barton,Dr. Vincent Iverson","M1744,M1745,M1746,M1747,M1748,M1749,M1750,M1751,M1752,M1753,M1754,M1755,M1756,M1757,M1758"
MI2-B,MI2,"Dr. Ryan Reed,Prof. Edward Irwin","M1789,M1790,M1791,M1792,M1793,M1794,M1795,M1796,M1797,M1798,M1799,M1800,M1801,M1802,M1803"
MI3-B,MI3,"Dr. Sarah Holden,Dr. Kevin Smith","M1834,M1835,M1836,M1837,M1838,M1839,M1840,M1841,M1842,M1843,M1844,M1845,M1846,M1847,M1848,M1441,M1442,M1443,M1444,M1445,M1446,M1447,M1448,M1449,M1450,M1451,M1452,M1453,M1454,M1455,M1456"
MI4-B,MI4,"Prof. Zoe Bennett,Dr. Quincy Graham","M1877,M1878,M1879,M1880,M1881,M1882,M1883,M1884,M1885,M1886,M1887,M1888,M1889"
MI5-B,MI5,"Dr. Henry Barton,Dr. Vincent Iverson","M1919,M1920,M1921,M1922,M1923,M1924,M1925,M1926,M1927,M1928,M1929,M1930,M1931,M1932,M1933,M1934"
MI6-B,MI6,"Dr. Ryan Reed,Prof. Edward Irwin","M1951,M1952,M1953,M1954,M1955,M1956,M1957,M1958,M1959,M1960,M1961,M1962,M1963,M1964,M1965,M1966"
MI7-B,MI7,"Dr. Sarah Holden,Dr. Kevin Smith","M1744,M1745,M1746,M1747,M1748,M1749,M1750,M1751,M1752,M1753,M1754,M1755,M1756,M1757,M1758,M3039,M3040,M3041,M3042,M3043,M3044,M3045,M3046,M3047,M3048,M3049,M3050,M3051,M3052,M3053,M3054"
MI8-B,MI8,"Prof. Zoe Bennett,Dr. Quincy Graham","M1789,M1790,M1791,M1792,M1793,M1794,M1795,M1796,M1797,M1798,M1799,M1800,M1801,M1802,M1803"
MI9-B,MI9,"Dr. Henry Barton,Dr. Vincent Iverson","M1834,M1835,M1836,M1837,M1838,M1839,M1840,M1841,M1842,M1843,M1844,M1845,M1846,M1847,M1848"
MI10-B,MI10,"Dr. Ryan Reed,Prof. Edward Irwin","M1877,M1878,M1879,M1880,M1881,M1882,M1883,M1884,M1885,M1886,M1887,M1888,M1889"
MI11-B,MI11,"Dr. Sarah Holden,Dr. Kevin Smith","M1919,M1920,M1921,M1922,M1923,M1924,M1925,M1926,M1927,M1928,M1929,M1930,M1931,M1932,M1933,M1934"
MI12-B,MI12,"Prof. Zoe Bennett,Dr. Quincy Graham","M1951,M1952,M1953,M1954,M1955,M1956,M1957,M1958,M1959,M1960,M1961,M1962,M1963,M1964,M1965,M1966"
EB1-B,EB1,"Prof. Julia Roberts,Dr. Tina Smith","M1983,M1984,M1985,M1986,M1987,M1988,M1989,M1990,M1991,M1992,M1993,M1994,M1995,M1996,M1997,M1998,M1409,M1410,M1411,M1412,M1413,M1414,M1415,M1416,M1417,M1418,M1419,M1420,M1421,M1422,M1423,M1424"
EB2-B,EB2,"Prof. Tara Brown,Dr. Benjamin Turner","M2015,M2016,M2017,M2018,M2019,M2020,M2021,M2022,M2023,M2024,M2025,M2026,M2027,M2028,M2029,M2030"
EB3-B,EB3,"Prof. Linda Bennett,Prof. Isaac Parker","M2047,M2048,M2049,M2050,M2051,M2052,M2053,M2054,M2055,M2056,M2057,M2058,M2059,M2060,M2061,M2062"
EB4-B,EB4,"Dr. Rita Green,Dr. Daniel Vega","M2079,M2080,M2081,M2082,M2083,M2084,M2085,M2086,M2087,M2088,M2089,M2090,M2091,M2092,M2093,M2094"
EB5-B,EB5,"Prof. Julia Roberts,Dr. Tina Smith","M2111,M2112,M2113,M2114,M2115,M2116,M2117,M2118,M2119,M2120,M2121,M2122,M2123,M2124,M2125,M2126,M897,M898,M899,M900,M901,M902,M903,M904,M905,M906,M907,M908,M909,M910,M911,M912"
EB6-B,EB6,"Prof. Tara Brown,Dr. Benjamin Turner","M2143,M2144,M2145,M2146,M2147,M2148,M2149,M2150,M2151,M2152,M2153,M2154,M2155,M2156,M2157,M2158,M961,M962,M963,M964,M965,M966,M967,M968,M969,M970,M971,M972,M973,M974,M975,M976"
EB7-B,EB7,"Prof. Linda Bennett,Prof. Isaac Parker","M1983,M1984,M1985,M1986,M1987,M1988,M1989,M1990,M1991,M1992,M1993,M1994,M1995,M1996,M1997,M1998,M1,M2,M3,M4,M5,M6,M7,M8,M9,M10,M11,M12,M13,M14,M15,M16"
EB8-B,EB8,"Dr. Rita Green,Dr. Daniel Vega","M2015,M2016,M2017,M2018,M2019,M2020,M2021,M2022,M2023,M2024,M2025,M2026,M2027,M2028,M2029,M2030,M753,M754,M755,M756,M757,M758,M759,M760,M761,M762,M763,M764,M765,M766,M767,M768"
EB9-B,EB9,"Prof. Julia Roberts,Dr. Tina Smith","M2047,M2048,M2049,M2050,M2051,M2052,M2053,M2054,M2055,M2056,M2057,M2058,M2059,M2060,M2061,M2062"
EB10-B,EB10,"Prof. Tara Brown,Dr. Benjamin Turner","M2079,M2080,M2081,M2082,M2083,M2084,M2085,M2086,M2087,M2088,M2089,M2090,M2091,M2092,M2093,M2094"
EB11-B,EB11,"Prof. Linda Bennett,Prof. Isaac Parker","M2111,M2112,M2113,M2114,M2115,M2116,M2117,M2118,M2119,M2120,M2121,M2122,M2123,M2124,M2125,M2126"
EB12-B,EB12,"Dr. Rita Green,Dr. Daniel Vega","M2143,M2144,M2145,M2146,M2147,M2148,M2149,M2150,M2151,M2152,M2153,M2154,M2155,M2156,M2157,M2158"
KT1-B,KT1,"Dr. Linda Gordon,Dr. Tina Yoder","M2175,M2176,M2177,M2178,M2179,M2180,M2181,M2182,M2183,M2184,M2185,M2186,M2187,M2188,M2189,M2190"
KT2-B,KT2,"Dr. Bryan Olson,Dr. Benjamin Zimmerman","M2207,M2208,M2209,M2210,M2211,M2212,M2213,M2214,M2215,M2216,M2217,M2218,M2219,M2220,M2221,M2222"
KT3-B,KT3,"Dr. Owen Norris,Dr. Leo Smith","M2239,M2240,M2241,M2242,M2243,M2244,M2245,M2246,M2247,M2248,M2249,M2250,M2251,M2252,M2253,M2254"
KT4-B,KT4,"Dr. Youssef Evans,Dr. Rita Zimmerman","M2271,M2272,M2273,M2274,M2275,M2276,M2277,M2278,M2279,M2280,M2281,M2282,M2283,M2284,M2285,M2286"
KT5-B,KT5,"Dr. Linda Gordon,Dr. Tina Yoder","M2303,M2304,M2305,M2306,M2307,M2308,M2309,M2310,M2311,M2312,M2313,M2314,M2315,M2316,M2317,M2318"
KT6-B,KT6,"Dr. Bryan Olson,Dr. Benjamin Zimmerman","M2335,M2336,M2337,M2338,M2339,M2340,M2341,M2342,M2343,M2344,M2345,M2346,M2347,M2348,M2349,M2350"
KT7-B,KT7,"Dr. Owen Norris,Dr. Leo Smith","M2175,M2176,M2177,M2178,M2179,M2180,M2181,M2182,M2183,M2184,M2185,M2186,M2187,M2188,M2189,M2190"
KT8-B,KT8,"Dr. Youssef Evans,Dr. Rita Zimmerman","M2207,M2208,M2209,M2210,M2211,M2212,M2213,M2214,M2215,M2216,M2217,M2218,M2219,M2220,M2221,M2222"
KT9-B,KT9,"Dr. Linda Gordon,Dr. Tina Yoder","M2239,M2240,M2241,M2242,M2243,M2244,M2245,M2246,M2247,M2248,M2249,M2250,M2251,M2252,M2253,M2254"
KT10-B,KT10,"Dr. Bryan Olson,Dr. Benjamin Zimmerman","M2271,M2272,M2273,M2274,M2275,M2276,M2277,M2278,M2279,M2280,M2281,M2282,M2283,M2284,M2285,M2286"
KT11-B,KT11,"Dr. Owen Norris,Dr. Leo Smith","M2303,M2304,M2305,M2306,M2307,M2308,M2309,M2310,M2311,M2312,M2313,M2314,M2315,M2316,M2317,M2318"
KT12-B,KT12,"Dr. Youssef Evans,Dr. Rita Zimmerman","M2335,M2336,M2337,M2338,M2339,M2340,M2341,M2342,M2343,M2344,M2345,M2346,M2347,M2348,M2349,M2350,M2735,M2736,M2737,M2738,M2739,M2740,M2741,M2742,M2743,M2744,M2745,M2746,M2747,M2748,M2749,M2750"
DKV1-B,DKV1,"Dr. Ian Quigley,Dr. Thomas Ellis","M2367,M2368,M2369,M2370,M2371,M2372,M2373,M2374,M2375,M2376,M2377,M2378,M2379,M2380,M2381,M2382,M1457,M1458,M1459,M1460,M1461,M1462,M1463,M1464,M1465,M1466,M1467,M1468,M1469,M1470,M1471,M1472"
DKV2-B,DKV2,"Prof. Katie Ibarra,Prof. Rita Brown","M2399,M2400,M2401,M2402,M2403,M2404,M2405,M2406,M2407,M2408,M2409,M2410,M2411,M2412,M2413,M2414,M2943,M2944,M2945,M2946,M2947,M2948,M2949,M2950,M2951,M2952,M2953,M2954,M2955,M2956,M2957,M2958"
DKV3-B,DKV3,"Dr. Iris Zimmerman,Dr. Isaac Pierce","M2431,M2432,M2433,M2434,M2435,M2436,M2437,M2438,M2439,M2440,M2441,M2442,M2443,M2444,M2445,M2446"
DKV4-B,DKV4,"Dr. David Reynolds,Prof. Kyle Roberts","M2463,M2464,M2465,M2466,M2467,M2468,M2469,M2470,M2471,M2472,M2473,M2474,M2475,M2476,M2477,M2478"
DKV5-B,DKV5,"Dr. Ian Quigley,Dr. Thomas Ellis","M2495,M2496,M2497,M2498,M2499,M2500,M2501,M2502,M2503,M2504,M2505,M2506,M2507,M2508,M2509,M2510"
DKV6-B,DKV6,"Prof. Katie Ibarra,Prof. Rita Brown","M2527,M2528,M2529,M2530,M2531,M2532,M2533,M2534,M2535,M2536,M2537,M2538,M2539,M2540,M2541,M2542"
DKV7-B,DKV7,"Dr. Iris Zimmerman,Dr. Isaac Pierce","M2367,M2368,M2369,M2370,M2371,M2372,M2373,M2374,M2375,M2376,M2377,M2378,M2379,M2380,M2381,M2382,M1505,M1506,M1507,M1508,M1509,M1510,M1511,M1512,M1513,M1514,M1515,M1516,M1517,M1518,M1519,M1520"
DKV8-B,DKV8,"Dr. David Reynolds,Prof. Kyle Roberts","M2399,M2400,M2401,M2402,M2403,M2404,M2405,M2406,M2407,M2408,M2409,M2410,M2411,M2412,M2413,M2414"
DKV9-B,DKV9,"Dr. Ian Quigley,Dr. Thomas Ellis","M2431,M2432,M2433,M2434,M2435,M2436,M2437,M2438,M2439,M2440,M2441,M2442,M2443,M2444,M2445,M2446"
DKV10-B,DKV10,"Prof. Katie Ibarra,Prof. Rita Brown","M2463,M2464,M2465,M2466,M2467,M2468,M2469,M2470,M2471,M2472,M2473,M2474,M2475,M2476,M2477,M2478"
DKV11-B,DKV11,"Dr. Iris Zimmerman,Dr. Isaac Pierce","M2495,M2496,M2497,M2498,M2499,M2500,M2501,M2502,M2503,M2504,M2505,M2506,M2507,M2508,M2509,M2510"
DKV12-B,DKV12,"Dr. David Reynolds,Prof. Kyle Roberts","M2527,M2528,M2529,M2530,M2531,M2532,M2533,M2534,M2535,M2536,M2537,M2538,M2539,M2540,M2541,M2542"
AD1-B,AD1,"Dr. Marcus Knox,Dr. Quincy Norton","M2559,M2560,M2561,M2562,M2563,M2564,M2565,M2566,M2567,M2568,M2569,M2570,M2571,M2572,M2573,M2574"
AD2-B,AD2,"Prof. William Pierce,Prof. Kelly Young","M2591,M2592,M2593,M2594,M2595,M2596,M2597,M2598,M2599,M2600,M2601,M2602,M2603,M2604,M2605,M2606,M529,M530,M531,M532,M533,M534,M535,M536,M537,M538,M539,M540,M541,M542,M543,M544"
AD3-B,AD3,"Dr. Grace Spencer,Prof. Zane Olson","M2623,M2624,M2625,M2626,M2627,M2628,M2629,M2630,M2631,M2632,M2633,M2634,M2635,M2636,M2637,M2638,M2975,M2976,M2977,M2978,M2979,M2980,M2981,M2982,M2983,M2984,M2985,M2986,M2987,M2988,M2989,M2990"
AD4-B,AD4,"Dr. Nathan Pierce,Prof. Emma Graham","M2655,M2656,M2657,M2658,M2659,M2660,M2661,M2662,M2663,M2664,M2665,M2666,M2667,M2668,M2669,M2670"
AD5-B,AD5,"Dr. Marcus Knox,Dr. Quincy Norton","M2687,M2688,M2689,M2690,M2691,M2692,M2693,M2694,M2695,M2696,M2697,M2698,M2699,M2700,M2701,M2702"
AD6-B,AD6,"Prof. William Pierce,Prof. Kelly Young","M2719,M2720,M2721,M2722,M2723,M2724,M2725,M2726,M2727,M2728,M2729,M2730,M2731,M2732,M2733,M2734"
AD7-B,AD7,"Dr. Grace Spencer,Prof. Zane Olson","M2559,M2560,M2561,M2562,M2563,M2564,M2565,M2566,M2567,M2568,M2569,M2570,M2571,M2572,M2573,M2574,M3311,M3312,M3313,M3314,M3315,M3316,M3317,M3318,M3319,M3320,M3321,M3322,M3323,M3324,M3325,M3326"
AD8-B,AD8,"Dr. Nathan Pierce,Prof. Emma Graham","M2591,M2592,M2593,M2594,M2595,M2596,M2597,M2598,M2599,M2600,M2601,M2602,M2603,M2604,M2605,M2606"
AD9-B,AD9,"Dr. Marcus Knox,Dr. Quincy Norton","M2623,M2624,M2625,M2626,M2627,M2628,M2629,M2630,M2631,M2632,M2633,M2634,M2635,M2636,M2637,M2638"
AD10-B,AD10,"Prof. William Pierce,Prof. Kelly Young","M2655,M2656,M2657,M2658,M2659,M2660,M2661,M2662,M2663,M2664,M2665,M2666,M2667,M2668,M2669,M2670"
AD11-B,AD11,"Dr. Grace Spencer,Prof. Zane Olson","M2687,M2688,M2689,M2690,M2691,M2692,M2693,M2694,M2695,M2696,M2697,M2698,M2699,M2700,M2701,M2702"
AD12-B,AD12,"Dr. Nathan Pierce,Prof. Emma Graham","M2719,M2720,M2721,M2722,M2723,M2724,M2725,M2726,M2727,M2728,M2729,M2730,M2731,M2732,M2733,M2734"
MDA1-B,MDA1,"Prof. Wendy Vargas,Dr. Quinn Reed","M2751,M2752,M2753,M2754,M2755,M2756,M2757,M2758,M2759,M2760,M2761,M2762,M2763,M2764,M2765,M2766"
MDA2-B,MDA2,"Prof. Quincy Quinn,Dr. Penny Barton","M2783,M2784,M2785,M2786,M2787,M2788,M2789,M2790,M2791,M2792,M2793,M2794,M2795,M2796,M2797,M2798"
MDA3-B,MDA3,"Prof. Fiona Jones,Dr. Benjamin Roberts","M2815,M2816,M2817,M2818,M2819,M2820,M2821,M2822,M2823,M2824,M2825,M2826,M2827,M2828,M2829,M2830"
MDA4-B,MDA4,"Dr. Ian Faulkner,Dr. Uma Ziegler","M2847,M2848,M2849,M2850,M2851,M2852,M2853,M2854,M2855,M2856,M2857,M2858,M2859,M2860,M2861,M2862"
MDA5-B,MDA5,"Prof. Wendy Vargas,Dr. Quinn Reed","M2879,M2880,M2881,M2882,M2883,M2884,M2885,M2886,M2887,M2888,M2889,M2890,M2891,M2892,M2893,M2894,M1041,M1042,M1043,M1044,M1045,M1046,M1047,M1048,M1049,M1050,M1051,M1052,M1053,M1054,M1055,M1056"
MDA6-B,MDA6,"Prof. Quincy Quinn,Dr. Penny Barton","M2911,M2912,M2913,M2914,M2915,M2916,M2917,M2918,M2919,M2920,M2921,M2922,M2923,M2924,M2925,M2926"
MDA7-B,MDA7,"Prof. Fiona Jones,Dr. Benjamin Roberts","M2751,M2752,M2753,M2754,M2755,M2756,M2757,M2758,M2759,M2760,M2761,M2762,M2763,M2764,M2765,M2766"
MDA8-B,MDA8,"Dr. Ian Faulkner,Dr. Uma Ziegler","M2783,M2784,M2785,M2786,M2787,M2788,M2789,M2790,M2791,M2792,M2793,M2794,M2795,M2796,M2797,M2798"
MDA9-B,MDA9,"Prof. Wendy Vargas,Dr. Quinn Reed","M2815,M2816,M2817,M2818,M2819,M2820,M2821,M2822,M2823,M2824,M2825,M2826,M2827,M2828,M2829,M2830"
MDA10-B,MDA10,"Prof. Quincy Quinn,Dr. Penny Barton","M2847,M2848,M2849,M2850,M2851,M2852,M2853,M2854,M2855,M2856,M2857,M2858,M2859,M2860,M2861,M2862"
MDA11-B,MDA11,"Prof. Fiona Jones,Dr. Benjamin Roberts","M2879,M2880,M2881,M2882,M2883,M2884,M2885,M2886,M2887,M2888,M2889,M2890,M2891,M2892,M2893,M2894"
MDA12-B,MDA12,"Dr. Ian Faulkner,Dr. Uma Ziegler","M2911,M2912,M2913,M2914,M2915,M2916,M2917,M2918,M2919,M2920,M2921,M2922,M2923,M2924,M2925,M2926"
IK1-B,IK1,"Prof. Ulysses Walsh,Prof. Rachel Zimmerman","M2943,M2944,M2945,M2946,M2947,M2948,M2949,M2950,M2951,M2952,M2953,M2954,M2955,M2956,M2957,M2958,M1804,M1805,M1806,M1807,M1808,M1809,M1810,M1811,M1812,M1813,M1814,M1815,M1816,M1817,M1818"
IK2-B,IK2,"Prof. Ryan Quinn,Prof. Adrian Powell","M2975,M2976,M2977,M2978,M2979,M2980,M2981,M2982,M2983,M2984,M2985,M2986,M2987,M2988,M2989,M2990"
IK3-B,IK3,"Prof. Tina Ortiz,Dr. Nathan Stewart","M3007,M3008,M3009,M3010,M3011,M3012,M3013,M3014,M3015,M3016,M3017,M3018,M3019,M3020,M3021,M3022"
IK4-B,IK4,"Dr. David Tucker,Prof. Penelope Evans","M3039,M3040,M3041,M3042,M3043,M3044,M3045,M3046,M3047,M3048,M3049,M3050,M3051,M3052,M3053,M3054,M1297,M1298,M1299,M1300,M1301,M1302,M1303,M1304,M1305,M1306,M1307,M1308,M1309,M1310,M1311,M1312"
IK5-B,IK5,"Prof. Ulysses Walsh,Prof. Rachel Zimmerman","M3071,M3072,M3073,M3074,M3075,M3076,M3077,M3078,M3079,M3080,M3081,M3082,M3083,M3084,M3085,M3086"
IK6-B,IK6,"Prof. Ryan Quinn,Prof. Adrian Powell","M3103,M3104,M3105,M3106,M3107,M3108,M3109,M3110,M3111,M3112,M3113,M3114,M3115,M3116,M3117,M3118"
IK7-B,IK7,"Prof. Tina Ortiz,Dr. Nathan Stewart","M2943,M2944,M2945,M2946,M2947,M2948,M2949,M2950,M2951,M2952,M2953,M2954,M2955,M2956,M2957,M2958"
IK8-B,IK8,"Dr. David Tucker,Prof. Penelope Evans","M2975,M2976,M2977,M2978,M2979,M2980,M2981,M2982,M2983,M2984,M2985,M2986,M2987,M2988,M2989,M2990"
IK9-B,IK9,"Prof. Ulysses Walsh,Prof. Rachel Zimmerman","M3007,M3008,M3009,M3010,M3011,M3012,M3013,M3014,M3015,M3016,M3017,M3018,M3019,M3020,M3021,M3022,M2495,M2496,M2497,M2498,M2499,M2500,M2501,M2502,M2503,M2504,M2505,M2506,M2507,M2508,M2509,M2510"
IK10-B,IK10,"Prof. Ryan Quinn,Prof. Adrian Powell","M3039,M3040,M3041,M3042,M3043,M3044,M3045,M3046,M3047,M3048,M3049,M3050,M3051,M3052,M3053,M3054"
IK11-B,IK11,"Prof. Tina Ortiz,Dr. Nathan Stewart","M3071,M3072,M3073,M3074,M3075,M3076,M3077,M3078,M3079,M3080,M3081,M3082,M3083,M3084,M3085,M3086"
IK12-B,IK12,"Dr. David Tucker,Prof. Penelope Evans","M3103,M3104,M3105,M3106,M3107,M3108,M3109,M3110,M3111,M3112,M3113,M3114,M3115,M3116,M3117,M3118"
TB1-B,TB1,"Prof. Bryan Quinn,Dr. Dorothy Davis2","M3135,M3136,M3137,M3138,M3139,M3140,M3141,M3142,M3143,M3144,M3145,M3146,M3147,M3148,M3149,M3150"
TB2-B,TB2,"Prof. Lily Allen,Dr. Holly Ziegler","M3167,M3168,M3169,M3170,M3171,M3172,M3173,M3174,M3175,M3176,M3177,M3178,M3179,M3180,M3181,M3182"
TB3-B,TB3,"Prof. Noah Ibarra,Dr. Harry King2","M3199,M3200,M3201,M3202,M3203,M3204,M3205,M3206,M3207,M3208,M3209,M3210,M3211,M3212,M3213,M3214"
TB4-B,TB4,"Dr. Vincent Underwood,Dr. Emily Long","M3231,M3232,M3233,M3234,M3235,M3236,M3237,M3238,M3239,M3240,M3241,M3242,M3243,M3244,M3245,M3246"
TB5-B,TB5,"Prof. Bryan Quinn,Dr. Dorothy Davis2","M3263,M3264,M3265,M3266,M3267,M3268,M3269,M3270,M3271,M3272,M3273,M3274,M3275,M3276,M3277,M3278"
TB6-B,TB6,"Prof. Lily Allen,Dr. Holly Ziegler","M3295,M3296,M3297,M3298,M3299,M3300,M3301,M3302,M3303,M3304,M3305,M3306,M3307,M3308,M3309,M3310"
TB7-B,TB7,"Prof. Noah Ibarra,Dr. Harry King2","M3135,M3136,M3137,M3138,M3139,M3140,M3141,M3142,M3143,M3144,M3145,M3146,M3147,M3148,M3149,M3150,M2927,M2928,M2929,M2930,M2931,M2932,M2933,M2934,M2935,M2936,M2937,M2938,M2939,M2940,M2941,M2942"
TB8-B,TB8,"Dr. Vincent Underwood,Dr. Emily Long","M3167,M3168,M3169,M3170,M3171,M3172,M3173,M3174,M3175,M3176,M3177,M3178,M3179,M3180,M3181,M3182"
TB9-B,TB9,"Prof. Bryan Quinn,Dr. Dorothy Davis2","M3199,M3200,M3201,M3202,M3203,M3204,M3205,M3206,M3207,M3208,M3209,M3210,M3211,M3212,M3213,M3214"
TB10-B,TB10,"Prof. Lily Allen,Dr. Holly Ziegler","M3231,M3232,M3233,M3234,M3235,M3236,M3237,M3238,M3239,M3240,M3241,M3242,M3243,M3244,M3245,M3246"
TB11-B,TB11,"Prof. Noah Ibarra,Dr. Harry King2","M3263,M3264,M3265,M3266,M3267,M3268,M3269,M3270,M3271,M3272,M3273,M3274,M3275,M3276,M3277,M3278"
TB12-B,TB12,"Dr. Vincent Underwood,Dr. Emily Long","M3295,M3296,M3297,M3298,M3299,M3300,M3301,M3302,M3303,M3304,M3305,M3306,M3307,M3308,M3309,M3310,M2031,M2032,M2033,M2034,M2035,M2036,M2037,M2038,M2039,M2040,M2041,M2042,M2043,M2044,M2045,M2046"
RM1-B,RM1,"Prof. Will Scott,Prof. Fiona Underwood","M3327,M3328,M3329,M3330,M3331,M3332,M3333,M3334,M3335,M3336,M3337,M3338,M3339,M3340,M3341,M3342"
RM2-B,RM2,"Dr. Elena Young,Prof. Harry Zimmerman","M3359,M3360,M3361,M3362,M3363,M3364,M3365,M3366,M3367,M3368,M3369,M3370,M3371,M3372,M3373,M3374"
RM3-B,RM3,"Dr. Oscar Logan,Prof. Catherine Parker","M3391,M3392,M3393,M3394,M3395,M3396,M3397,M3398,M3399,M3400,M3401,M3402,M3403,M3404,M3405,M3406,M1633,M1634,M1635,M1636,M1637,M1638,M1639,M1640,M1641,M1642,M1643,M1644,M1645,M1646,M1647,M1648"
RM4-B,RM4,"Dr. Sam Walsh,Prof. Holly Johnson","M3423,M3424,M3425,M3426,M3427,M3428,M3429,M3430,M3431,M3432,M3433,M3434,M3435,M3436,M3437,M3438"
RM5-B,RM5,"Prof. Will Scott,Prof. Fiona Underwood","M3455,M3456,M3457,M3458,M3459,M3460,M3461,M3462,M3463,M3464,M3465,M3466,M3467,M3468,M3469,M3470,M801,M802,M803,M804,M805,M806,M807,M808,M809,M810,M811,M812,M813,M814,M815,M816"
RM6-B,RM6,"Dr. Elena Young,Prof. Harry Zimmerman","M3487,M3488,M3489,M3490,M3491,M3492,M3493,M3494,M3495,M3496,M3497,M3498,M3499,M3500,M3501,M3502"
RM7-B,RM7,"Dr. Oscar Logan,Prof. Catherine Parker","M3327,M3328,M3329,M3330,M3331,M3332,M3333,M3334,M3335,M3336,M3337,M3338,M3339,M3340,M3341,M3342,M3087,M3088,M3089,M3090,M3091,M3092,M3093,M3094,M3095,M3096,M3097,M3098,M3099,M3100,M3101,M3102"
RM8-B,RM8,"Dr. Sam Walsh,Prof. Holly Johnson","M3359,M3360,M3361,M3362,M3363,M3364,M3365,M3366,M3367,M3368,M3369,M3370,M3371,M3372,M3373,M3374,M2191,M2192,M2193,M2194,M2195,M2196,M2197,M2198,M2199,M2200,M2201,M2202,M2203,M2204,M2205,M2206"
RM9-B,RM9,"Prof. Will Scott,Prof. Fiona Underwood","M3391,M3392,M3393,M3394,M3395,M3396,M3397,M3398,M3399,M3400,M3401,M3402,M3403,M3404,M3405,M3406"
RM10-B,RM10,"Dr. Elena Young,Prof. Harry Zimmerman","M3423,M3424,M3425,M3426,M3427,M3428,M3429,M3430,M3431,M3432,M3433,M3434,M3435,M3436,M3437,M3438,M721,M722,M723,M724,M725,M726,M727,M728,M729,M730,M731,M732,M733,M734,M735,M736"
RM11-B,RM11,"Dr. Oscar Logan,Prof. Catherine Parker","M3455,M3456,M3457,M3458,M3459,M3460,M3461,M3462,M3463,M3464,M3465,M3466,M3467,M3468,M3469,M3470"
RM12-B,RM12,"Dr. Sam Walsh,Prof. Holly Johnson","M3487,M3488,M3489,M3490,M3491,M3492,M3493,M3494,M3495,M3496,M3497,M3498,M3499,M3500,M3501,M3502"
TI1-C,TI1,"Prof. Holly Norton,Prof. Patrick Vargas","M33,M34,M35,M36,M37,M38,M39,M40,M41,M42,M43,M44,M45,M46,M47,M48"
TI2-C,TI2,"Dr. Laura Jones,Prof. Diana Barton","M81,M82,M83,M84,M85,M86,M87,M88,M89,M90,M91,M92,M93,M94,M95,M96"
TI3-C,TI3,"Dr. Kyle Vega,Dr. Penny King","M129,M130,M131,M132,M133,M134,M135,M136,M137,M138,M139,M140,M141,M142,M143,M144"
TI4-C,TI4,"Dr. Nora Miller,Dr. Alice Lee","M177,M178,M179,M180,M181,M182,M183,M184,M185,M186,M187,M188,M189,M190,M191,M192"
TI5-C,TI5,"Prof. Holly Norton,Prof. Patrick Vargas","M225,M226,M227,M228,M229,M230,M231,M232,M233,M234,M235,M236,M237,M238,M239,M240,M2175,M2176,M2177,M2178,M2179,M2180,M2181,M2182,M2183,M2184,M2185,M2186,M2187,M2188,M2189,M2190"
TI6-C,TI6,"Dr. Laura Jones,Prof. Diana Barton","M273,M274,M275,M276,M277,M278,M279,M280,M281,M282,M283,M284,M285,M286,M287,M288"
TI7-C,TI7,"Dr. Kyle Vega,Dr. Penny King","M33,M34,M35,M36,M37,M38,M39,M40,M41,M42,M43,M44,M45,M46,M47,M48"
TI8-C,TI8,"Dr. Nora Miller,Dr. Alice Lee","M81,M82,M83,M84,M85,M86,M87,M88,M89,M90,M91,M92,M93,M94,M95,M96"
TI9-C,TI9,"Prof. Holly Norton,Prof. Patrick Vargas","M129,M130,M131,M132,M133,M134,M135,M136,M137,M138,M139,M140,M141,M142,M143,M144,M481,M482,M483,M484,M485,M486,M487,M488,M489,M490,M491,M492,M493,M494,M495,M496"
TI10-C,TI10,"Dr. Laura Jones,Prof. Diana Barton","M177,M178,M179,M180,M181,M182,M183,M184,M185,M186,M187,M188,M189,M190,M191,M192,M2831,M2832,M2833,M2834,M2835,M2836,M2837,M2838,M2839,M2840,M2841,M2842,M2843,M2844,M2845,M2846"
TI11-C,TI11,"Dr. Kyle Vega,Dr. Penny King","M225,M226,M227,M228,M229,M230,M231,M232,M233,M234,M235,M236,M237,M238,M239,M240"
TI12-C,TI12,"Dr. Nora Miller,Dr. Alice Lee","M273,M274,M275,M276,M277,M278,M279,M280,M281,M282,M283,M284,M285,M286,M287,M288"
SI1-C,SI1,"Dr. Gina Newman,Prof. Olivia Ibarra","M321,M322,M323,M324,M325,M326,M327,M328,M329,M330,M331,M332,M333,M334,M335,M336"
SI2-C,SI2,"Dr. Wendy Spencer,Dr. Leo Ellis","M369,M370,M371,M372,M373,M374,M375,M376,M377,M378,M379,M380,M381,M382,M383,M384"
SI3-C,SI3,"Dr. Bella Quigley,Dr. Natalie Reyes","M417,M418,M419,M420,M421,M422,M423,M424,M425,M426,M427,M428,M429,M430,M431,M432"
SI4-C,SI4,"Dr. Sam Scott,Dr. Julia Faulkner","M465,M466,M467,M468,M469,M470,M471,M472,M473,M474,M475,M476,M477,M478,M479,M480"
SI5-C,SI5,"Dr. Gina Newman,Prof. Olivia Ibarra","M513,M514,M515,M516,M517,M518,M519,M520,M521,M522,M523,M524,M525,M526,M527,M528"
SI6-C,SI6,"Dr. Wendy Spencer,Dr. Leo Ellis","M561,M562,M563,M564,M565,M566,M567,M568,M569,M570,M571,M572,M573,M574,M575,M576"
SI7-C,SI7,"Dr. Bella Quigley,Dr. Natalie Reyes","M321,M322,M323,M324,M325,M326,M327,M328,M329,M330,M331,M332,M333,M334,M335,M336"
SI8-C,SI8,"Dr. Sam Scott,Dr. Julia Faulkner","M369,M370,M371,M372,M373,M374,M375,M376,M377,M378,M379,M380,M381,M382,M383,M384"
SI9-C,SI9,"Dr. Gina Newman,Prof. Olivia Ibarra","M417,M418,M419,M420,M421,M422,M423,M424,M425,M426,M427,M428,M429,M430,M431,M432"
SI10-C,SI10,"Dr. Wendy Spencer,Dr. Leo Ellis","M465,M466,M467,M468,M469,M470,M471,M472,M473,M474,M475,M476,M477,M478,M479,M480"
SI11-C,SI11,"Dr. Bella Quigley,Dr. Natalie Reyes","M513,M514,M515,M516,M517,M518,M519,M520,M521,M522,M523,M524,M525,M526,M527,M528"
SI12-C,SI12,"Dr. Sam Scott,Dr. Julia Faulkner","M561,M562,M563,M564,M565,M566,M567,M568,M569,M570,M571,M572,M573,M574,M575,M576"
TK1-C,TK1,"Prof. Mason Yoder,Dr. Grace Kelly","M609,M610,M611,M612,M613,M614,M615,M616,M617,M618,M619,M620,M621,M622,M623,M624"
TK2-C,TK2,"Prof. Olivia Ellis,Dr. Ryan Adams","M657,M658,M659,M660,M661,M662,M663,M664,M665,M666,M667,M668,M669,M670,M671,M672,M1329,M1330,M1331,M1332,M1333,M1334,M1335,M1336,M1337,M1338,M1339,M1340,M1341,M1342,M1343,M1344"
TK3-C,TK3,"Dr. Lily Fisher,Dr. Tina Nelson","M705,M706,M707,M708,M709,M710,M711,M712,M713,M714,M715,M716,M717,M718,M719,M720,M1729,M1730,M1731,M1732,M1733,M1734,M1735,M1736,M1737,M1738,M1739,M1740,M1741,M1742,M1743"
TK4-C,TK4,"Prof. Victor Ellis,Dr. Charles Xu","M753,M754,M755,M756,M757,M758,M759,M760,M761,M762,M763,M764,M765,M766,M767,M768,M2159,M2160,M2161,M2162,M2163,M2164,M2165,M2166,M2167,M2168,M2169,M2170,M2171,M2172,M2173,M2174"
TK5-C,TK5,"Prof. Mason Yoder,Dr. Grace Kelly","M801,M802,M803,M804,M805,M806,M807,M808,M809,M810,M811,M812,M813,M814,M815,M816"
TK6-C,TK6,"Prof. Olivia Ellis,Dr. Ryan Adams","M849,M850,M851,M852,M853,M854,M855,M856,M857,M858,M859,M860,M861,M862,M863,M864,M3279,M3280,M3281,M3282,M3283,M3284,M3285,M3286,M3287,M3288,M3289,M3290,M3291,M3292,M3293,M3294"
TK7-C,TK7,"Dr. Lily Fisher,Dr. Tina Nelson","M609,M610,M611,M612,M613,M614,M615,M616,M617,M618,M619,M620,M621,M622,M623,M624"
TK8-C,TK8,"Prof. Victor Ellis,Dr. Charles Xu","M657,M658,M659,M660,M661,M662,M663,M664,M665,M666,M667,M668,M669,M670,M671,M672"
TK9-C,TK9,"Prof. Mason Yoder,Dr. Grace Kelly","M705,M706,M707,M708,M709,M710,M711,M712,M713,M714,M715,M716,M717,M718,M719,M720"
TK10-C,TK10,"Prof. Olivia Ellis,Dr. Ryan Adams","M753,M754,M755,M756,M757,M758,M759,M760,M761,M762,M763,M764,M765,M766,M767,M768"
TK11-C,TK11,"Dr. Lily Fisher,Dr. Tina Nelson","M801,M802,M803,M804,M805,M806,M807,M808,M809,M810,M811,M812,M813,M814,M815,M816,M3359,M3360,M3361,M3362,M3363,M3364,M3365,M3366,M3367,M3368,M3369,M3370,M3371,M3372,M3373,M3374"
TK12-C,TK12,"Prof. Victor Ellis,Dr. Charles Xu","M849,M850,M851,M852,M853,M854,M855,M856,M857,M858,M859,M860,M861,M862,M863,M864,M3471,M3472,M3473,M3474,M3475,M3476,M3477,M3478,M3479,M3480,M3481,M3482,M3483,M3484,M3485,M3486"
DS1-C,DS1,"Prof. Dorothy Doyle,Dr. Charles Chandler","M897,M898,M899,M900,M901,M902,M903,M904,M905,M906,M907,M908,M909,M910,M911,M912"
DS2-C,DS2,"Dr. Tyler Davis2,Dr. Natalie Powell","M945,M946,M947,M948,M949,M950,M951,M952,M953,M954,M955,M956,M957,M958,M959,M960"
DS3-C,DS3,"Dr. Diana Chandler,Prof. Sarah Xu","M993,M994,M995,M996,M997,M998,M999,M1000,M1001,M1002,M1003,M1004,M1005,M1006,M1007,M1008"
DS4-C,DS4,"Dr. Zachary Vargas,Dr. Oscar Lee","M1041,M1042,M1043,M1044,M1045,M1046,M1047,M1048,M1049,M1050,M1051,M1052,M1053,M1054,M1055,M1056"
DS5-C,DS5,"Prof. Dorothy Doyle,Dr. Charles Chandler","M1089,M1090,M1091,M1092,M1093,M1094,M1095,M1096,M1097,M1098,M1099,M1100,M1101,M1102,M1103,M1104"
DS6-C,DS6,"Dr. Tyler Davis2,Dr. Natalie Powell","M1137,M1138,M1139,M1140,M1141,M1142,M1143,M1144,M1145,M1146,M1147,M1148,M1149,M1150,M1151,M1152"
DS7-C,DS7,"Dr. Diana Chandler,Prof. Sarah Xu","M897,M898,M899,M900,M901,M902,M903,M904,M905,M906,M907,M908,M909,M910,M911,M912"
DS8-C,DS8,"Dr. Zachary Vargas,Dr. Oscar Lee","M945,M946,M947,M948,M949,M950,M951,M952,M953,M954,M955,M956,M957,M958,M959,M960,M449,M450,M451,M452,M453,M454,M455,M456,M457,M458,M459,M460,M461,M462,M463,M464"
DS9-C,DS9,"Prof. Dorothy Doyle,Dr. Charles Chandler","M993,M994,M995,M996,M997,M998,M999,M1000,M1001,M1002,M1003,M1004,M1005,M1006,M1007,M1008,M113,M114,M115,M116,M117,M118,M119,M120,M121,M122,M123,M124,M125,M126,M127,M128"
DS10-C,DS10,"Dr. Tyler Davis2,Dr. Natalie Powell","M1041,M1042,M1043,M1044,M1045,M1046,M1047,M1048,M1049,M1050,M1051,M1052,M1053,M1054,M1055,M1056"
DS11-C,DS11,"Dr. Diana Chandler,Prof. Sarah Xu","M1089,M1090,M1091,M1092,M1093,M1094,M1095,M1096,M1097,M1098,M1099,M1100,M1101,M1102,M1103,M1104"
DS12-C,DS12,"Dr. Zachary Vargas,Dr. Oscar Lee","M1137,M1138,M1139,M1140,M1141,M1142,M1143,M1144,M1145,M1146,M1147,M1148,M1149,M1150,M1151,M1152"
STAT1-C,STAT1,"Dr. Ryan Long,Dr. Xavier  Jenkins","M1185,M1186,M1187,M1188,M1189,M1190,M1191,M1192,M1193,M1194,M1195,M1196,M1197,M1198,M1199,M1200"
STAT2-C,STAT2,"Dr. Vera Fisher,Dr. Colin Hughes","M1233,M1234,M1235,M1236,M1237,M1238,M1239,M1240,M1241,M1242,M1243,M1244,M1245,M1246,M1247,M1248,M2207,M2208,M2209,M2210,M2211,M2212,M2213,M2214,M2215,M2216,M2217,M2218,M2219,M2220,M2221,M2222"
STAT3-C,STAT3,"Prof. Fiona Irwin,Dr. Brandon Lee","M1281,M1282,M1283,M1284,M1285,M1286,M1287,M1288,M1289,M1290,M1291,M1292,M1293,M1294,M1295,M1296"
STAT4-C,STAT4,"Prof. Brandon Zane,Dr. Benjamin Baker","M1329,M1330,M1331,M1332,M1333,M1334,M1335,M1336,M1337,M1338,M1339,M1340,M1341,M1342,M1343,M1344"
STAT5-C,STAT5,"Dr. Ryan Long,Dr. Xavier  Jenkins","M1377,M1378,M1379,M1380,M1381,M1382,M1383,M1384,M1385,M1386,M1387,M1388,M1389,M1390,M1391,M1392"
STAT6-C,STAT6,"Dr. Vera Fisher,Dr. Colin Hughes","M1425,M1426,M1427,M1428,M1429,M1430,M1431,M1432,M1433,M1434,M1435,M1436,M1437,M1438,M1439,M1440"
STAT7-C,STAT7,"Prof. Fiona Irwin,Dr. Brandon Lee","M1185,M1186,M1187,M1188,M1189,M1190,M1191,M1192,M1193,M1194,M1195,M1196,M1197,M1198,M1199,M1200"
STAT8-C,STAT8,"Prof. Brandon Zane,Dr. Benjamin Baker","M1233,M1234,M1235,M1236,M1237,M1238,M1239,M1240,M1241,M1242,M1243,M1244,M1245,M1246,M1247,M1248"
STAT9-C,STAT9,"Dr. Ryan Long,Dr. Xavier  Jenkins","M1281,M1282,M1283,M1284,M1285,M1286,M1287,M1288,M1289,M1290,M1291,M1292,M1293,M1294,M1295,M1296"
STAT10-C,STAT10,"Dr. Vera Fisher,Dr. Colin Hughes","M1329,M1330,M1331,M1332,M1333,M1334,M1335,M1336,M1337,M1338,M1339,M1340,M1341,M1342,M1343,M1344"
STAT11-C,STAT11,"Prof. Fiona Irwin,Dr. Brandon Lee","M1377,M1378,M1379,M1380,M1381,M1382,M1383,M1384,M1385,M1386,M1387,M1388,M1389,M1390,M1391,M1392"
STAT12-C,STAT12,"Prof. Brandon Zane,Dr. Benjamin Baker","M1425,M1426,M1427,M1428,M1429,M1430,M1431,M1432,M1433,M1434,M1435,M1436,M1437,M1438,M1439,M1440"
MAT1-C,MAT1,"Prof. Youssef Edwards,Dr. Will Mitchell","M1473,M1474,M1475,M1476,M1477,M1478,M1479,M1480,M1481,M1482,M1483,M1484,M1485,M1486,M1487,M1488"
MAT2-C,MAT2,"Prof. Fiona Kelly,Dr. Tyler Newman","M1521,M1522,M1523,M1524,M1525,M1526,M1527,M1528,M1529,M1530,M1531,M1532,M1533,M1534,M1535,M1536,M2367,M2368,M2369,M2370,M2371,M2372,M2373,M2374,M2375,M2376,M2377,M2378,M2379,M2380,M2381,M2382"
MAT3-C,MAT3,"Prof. Mason Carter,Dr. Patrick Newman","M1569,M1570,M1571,M1572,M1573,M1574,M1575,M1576,M1577,M1578,M1579,M1580,M1581,M1582,M1583,M1584"
MAT4-C,MAT4,"Dr. Steven Vasquez,Prof. Marcus Turnbull","M1617,M1618,M1619,M1620,M1621,M1622,M1623,M1624,M1625,M1626,M1627,M1628,M1629,M1630,M1631,M1632"
MAT5-C,MAT5,"Prof. Youssef Edwards,Dr. Will Mitchell","M1665,M1666,M1667,M1668,M1669,M1670,M1671,M1672,M1673,M1674,M1675,M1676,M1677,M1678,M1679,M1680"
MAT6-C,MAT6,"Prof. Fiona Kelly,Dr. Tyler Newman","M1713,M1714,M1715,M1716,M1717,M1718,M1719,M1720,M1721,M1722,M1723,M1724,M1725,M1726,M1727,M1728,M1849,M1850,M1851,M1852,M1853,M1854,M1855,M1856,M1857,M1858,M1859,M1860,M1861,M1862,M1863"
MAT7-C,MAT7,"Prof. Mason Carter,Dr. Patrick Newman","M1473,M1474,M1475,M1476,M1477,M1478,M1479,M1480,M1481,M1482,M1483,M1484,M1485,M1486,M1487,M1488"
MAT8-C,MAT8,"Dr. Steven Vasquez,Prof. Marcus Turnbull","M1521,M1522,M1523,M1524,M1525,M1526,M1527,M1528,M1529,M1530,M1531,M1532,M1533,M1534,M1535,M1536"
MAT9-C,MAT9,"Prof. Youssef Edwards,Dr. Will Mitchell","M1569,M1570,M1571,M1572,M1573,M1574,M1575,M1576,M1577,M1578,M1579,M1580,M1581,M1582,M1583,M1584,M1951,M1952,M1953,M1954,M1955,M1956,M1957,M1958,M1959,M1960,M1961,M1962,M1963,M1964,M1965,M1966"
MAT10-C,MAT10,"Prof. Fiona Kelly,Dr. Tyler Newman","M1617,M1618,M1619,M1620,M1621,M1622,M1623,M1624,M1625,M1626,M1627,M1628,M1629,M1630,M1631,M1632"
MAT11-C,MAT11,"Prof. Mason Carter,Dr. Patrick Newman","M1665,M1666,M1667,M1668,M1669,M1670,M1671,M1672,M1673,M1674,M1675,M1676,M1677,M1678,M1679,M1680,M577,M578,M579,M580,M581,M582,M583,M584,M585,M586,M587,M588,M589,M590,M591,M592"
MAT12-C,MAT12,"Dr. Steven Vasquez,Prof. Marcus Turnbull","M1713,M1714,M1715,M1716,M1717,M1718,M1719,M1720,M1721,M1722,M1723,M1724,M1725,M1726,M1727,M1728"
MI1-C,MI1,"Dr. Henry Barton,Dr. Vincent Iverson","M1759,M1760,M1761,M1762,M1763,M1764,M1765,M1766,M1767,M1768,M1769,M1770,M1771,M1772,M1773"
MI2-C,MI2,"Dr. Ryan Reed,Prof. Edward Irwin","M1804,M1805,M1806,M1807,M1808,M1809,M1810,M1811,M1812,M1813,M1814,M1815,M1816,M1817,M1818"
MI3-C,MI3,"Dr. Sarah Holden,Dr. Kevin Smith","M1849,M1850,M1851,M1852,M1853,M1854,M1855,M1856,M1857,M1858,M1859,M1860,M1861,M1862,M1863"
MI4-C,MI4,"Prof. Zoe Bennett,Dr. Quincy Graham","M1890,M1891,M1892,M1893,M1894,M1895,M1896,M1897,M1898,M1899,M1900,M1901,M1902,M1057,M1058,M1059,M1060,M1061,M1062,M1063,M1064,M1065,M1066,M1067,M1068,M1069,M1070,M1071,M1072"